10|1|Dee Jay||0|https://vignette.wikia.nocookie.net/james-camerons-avatar/images/4/4c/Brak_obrazka.jpg/revision/latest?cb=20110605102907&path-prefix=pl
119546|1|Akcesoria|Dee Jay|0|https://vignette.wikia.nocookie.net/james-camerons-avatar/images/4/4c/Brak_obrazka.jpg/revision/latest?cb=20110605102907&path-prefix=pl
119561|1|Segregatory na płyty|Akcesoria|0|https://vignette.wikia.nocookie.net/james-camerons-avatar/images/4/4c/Brak_obrazka.jpg/revision/latest?cb=20110605102907&path-prefix=pl
119563|1|Slipmaty|Akcesoria|0|https://vignette.wikia.nocookie.net/james-camerons-avatar/images/4/4c/Brak_obrazka.jpg/revision/latest?cb=20110605102907&path-prefix=pl
119560|1|Stanowiska DJ|Akcesoria|0|https://vignette.wikia.nocookie.net/james-camerons-avatar/images/4/4c/Brak_obrazka.jpg/revision/latest?cb=20110605102907&path-prefix=pl
119562|1|Środki do pielęgnacji płyt|Akcesoria|0|https://vignette.wikia.nocookie.net/james-camerons-avatar/images/4/4c/Brak_obrazka.jpg/revision/latest?cb=20110605102907&path-prefix=pl
119547|1|Efekty|Dee Jay|0|https://vignette.wikia.nocookie.net/james-camerons-avatar/images/4/4c/Brak_obrazka.jpg/revision/latest?cb=20110605102907&path-prefix=pl
119548|1|Gramofony|Dee Jay|0|https://vignette.wikia.nocookie.net/james-camerons-avatar/images/4/4c/Brak_obrazka.jpg/revision/latest?cb=20110605102907&path-prefix=pl
119551|1|Kontrolery DJ|Dee Jay|0|https://vignette.wikia.nocookie.net/james-camerons-avatar/images/4/4c/Brak_obrazka.jpg/revision/latest?cb=20110605102907&path-prefix=pl
119549|1|Kontrolery, pady, samplery|Dee Jay|0|https://vignette.wikia.nocookie.net/james-camerons-avatar/images/4/4c/Brak_obrazka.jpg/revision/latest?cb=20110605102907&path-prefix=pl
119552|1|Miksery DJ|Dee Jay|0|https://vignette.wikia.nocookie.net/james-camerons-avatar/images/4/4c/Brak_obrazka.jpg/revision/latest?cb=20110605102907&path-prefix=pl
119553|1|Odtwarzacze DJ (CD, MP3, DVD etc.)|Dee Jay|0|https://vignette.wikia.nocookie.net/james-camerons-avatar/images/4/4c/Brak_obrazka.jpg/revision/latest?cb=20110605102907&path-prefix=pl
119554|1|Pokrowce, torby, futerały DJ|Dee Jay|0|https://vignette.wikia.nocookie.net/james-camerons-avatar/images/4/4c/Brak_obrazka.jpg/revision/latest?cb=20110605102907&path-prefix=pl
127066|1|Case'y, futerały, skrzynie transportowe|Pokrowce, torby, futerały DJ|0|https://vignette.wikia.nocookie.net/james-camerons-avatar/images/4/4c/Brak_obrazka.jpg/revision/latest?cb=20110605102907&path-prefix=pl
127065|1|Torby, pokrowce, softcase'y|Pokrowce, torby, futerały DJ|0|https://vignette.wikia.nocookie.net/james-camerons-avatar/images/4/4c/Brak_obrazka.jpg/revision/latest?cb=20110605102907&path-prefix=pl
119555|1|Programy DJ, interfejsy|Dee Jay|0|https://vignette.wikia.nocookie.net/james-camerons-avatar/images/4/4c/Brak_obrazka.jpg/revision/latest?cb=20110605102907&path-prefix=pl
119557|1|Sprzęt wizualny DJ|Dee Jay|0|https://vignette.wikia.nocookie.net/james-camerons-avatar/images/4/4c/Brak_obrazka.jpg/revision/latest?cb=20110605102907&path-prefix=pl
120897|1|Słuchawki dla DJ-a|Dee Jay|0|https://vignette.wikia.nocookie.net/james-camerons-avatar/images/4/4c/Brak_obrazka.jpg/revision/latest?cb=20110605102907&path-prefix=pl
119558|1|Wkładki, igły gramofonowe|Dee Jay|0|https://vignette.wikia.nocookie.net/james-camerons-avatar/images/4/4c/Brak_obrazka.jpg/revision/latest?cb=20110605102907&path-prefix=pl
120902|1|Headshelle, zawiesia, głowice|Wkładki, igły gramofonowe|0|https://vignette.wikia.nocookie.net/james-camerons-avatar/images/4/4c/Brak_obrazka.jpg/revision/latest?cb=20110605102907&path-prefix=pl
120900|1|Igły do wkładek|Wkładki, igły gramofonowe|0|https://vignette.wikia.nocookie.net/james-camerons-avatar/images/4/4c/Brak_obrazka.jpg/revision/latest?cb=20110605102907&path-prefix=pl
120901|1|Wkładki, systemy|Wkładki, igły gramofonowe|0|https://vignette.wikia.nocookie.net/james-camerons-avatar/images/4/4c/Brak_obrazka.jpg/revision/latest?cb=20110605102907&path-prefix=pl
120120|1|Gadżety||0|https://vignette.wikia.nocookie.net/james-camerons-avatar/images/4/4c/Brak_obrazka.jpg/revision/latest?cb=20110605102907&path-prefix=pl
16|1|Gitary||0|https://vignette.wikia.nocookie.net/james-camerons-avatar/images/4/4c/Brak_obrazka.jpg/revision/latest?cb=20110605102907&path-prefix=pl
119973|1|Akcesoria gitarowe|Gitary|0|https://vignette.wikia.nocookie.net/james-camerons-avatar/images/4/4c/Brak_obrazka.jpg/revision/latest?cb=20110605102907&path-prefix=pl
13|1|Efekty gitarowe|Gitary|0|https://vignette.wikia.nocookie.net/james-camerons-avatar/images/4/4c/Brak_obrazka.jpg/revision/latest?cb=20110605102907&path-prefix=pl
137151|1|Efekty do gitar akustycznych|Efekty gitarowe|0|https://vignette.wikia.nocookie.net/james-camerons-avatar/images/4/4c/Brak_obrazka.jpg/revision/latest?cb=20110605102907&path-prefix=pl
137152|1|Efekty do gitar basowych|Efekty gitarowe|0|https://vignette.wikia.nocookie.net/james-camerons-avatar/images/4/4c/Brak_obrazka.jpg/revision/latest?cb=20110605102907&path-prefix=pl
137150|1|Efekty do gitar elektrycznych|Efekty gitarowe|0|https://vignette.wikia.nocookie.net/james-camerons-avatar/images/4/4c/Brak_obrazka.jpg/revision/latest?cb=20110605102907&path-prefix=pl
120119|1|Footswitch, przełączniki nożne|Gitary|0|https://vignette.wikia.nocookie.net/james-camerons-avatar/images/4/4c/Brak_obrazka.jpg/revision/latest?cb=20110605102907&path-prefix=pl
132552|1|Futerały|Gitary|0|https://vignette.wikia.nocookie.net/james-camerons-avatar/images/4/4c/Brak_obrazka.jpg/revision/latest?cb=20110605102907&path-prefix=pl
132553|1|Fuerały do gitar akustycznych|Futerały|0|https://vignette.wikia.nocookie.net/james-camerons-avatar/images/4/4c/Brak_obrazka.jpg/revision/latest?cb=20110605102907&path-prefix=pl
132556|1|Futerały do gitar basowych|Futerały|0|https://vignette.wikia.nocookie.net/james-camerons-avatar/images/4/4c/Brak_obrazka.jpg/revision/latest?cb=20110605102907&path-prefix=pl
132554|1|Futerały do gitar elektrycznych|Futerały|0|https://vignette.wikia.nocookie.net/james-camerons-avatar/images/4/4c/Brak_obrazka.jpg/revision/latest?cb=20110605102907&path-prefix=pl
132555|1|Futerały do gitar klasycznych|Futerały|0|https://vignette.wikia.nocookie.net/james-camerons-avatar/images/4/4c/Brak_obrazka.jpg/revision/latest?cb=20110605102907&path-prefix=pl
132557|1|Futerały do gitar, pozostałe|Futerały|0|https://vignette.wikia.nocookie.net/james-camerons-avatar/images/4/4c/Brak_obrazka.jpg/revision/latest?cb=20110605102907&path-prefix=pl
119974|1|Gitary - części|Gitary|0|https://vignette.wikia.nocookie.net/james-camerons-avatar/images/4/4c/Brak_obrazka.jpg/revision/latest?cb=20110605102907&path-prefix=pl
118906|1|Gitary akustyczne|Gitary|0|https://vignette.wikia.nocookie.net/james-camerons-avatar/images/4/4c/Brak_obrazka.jpg/revision/latest?cb=20110605102907&path-prefix=pl
118904|1|Gitary basowe|Gitary|0|https://vignette.wikia.nocookie.net/james-camerons-avatar/images/4/4c/Brak_obrazka.jpg/revision/latest?cb=20110605102907&path-prefix=pl
151720|1|Gitary basowe akustyczne|Gitary|0|https://vignette.wikia.nocookie.net/james-camerons-avatar/images/4/4c/Brak_obrazka.jpg/revision/latest?cb=20110605102907&path-prefix=pl
118907|1|Gitary elektroakustyczne|Gitary|0|https://vignette.wikia.nocookie.net/james-camerons-avatar/images/4/4c/Brak_obrazka.jpg/revision/latest?cb=20110605102907&path-prefix=pl
118903|1|Gitary elektryczne|Gitary|0|https://vignette.wikia.nocookie.net/james-camerons-avatar/images/4/4c/Brak_obrazka.jpg/revision/latest?cb=20110605102907&path-prefix=pl
118905|1|Gitary klasyczne|Gitary|0|https://vignette.wikia.nocookie.net/james-camerons-avatar/images/4/4c/Brak_obrazka.jpg/revision/latest?cb=20110605102907&path-prefix=pl
118908|1|Gitary klasyczne 1/2|Gitary klasyczne|0|https://vignette.wikia.nocookie.net/james-camerons-avatar/images/4/4c/Brak_obrazka.jpg/revision/latest?cb=20110605102907&path-prefix=pl
129032|1|Gitary klasyczne 1/4|Gitary klasyczne|0|https://vignette.wikia.nocookie.net/james-camerons-avatar/images/4/4c/Brak_obrazka.jpg/revision/latest?cb=20110605102907&path-prefix=pl
127498|1|Gitary klasyczne 3/4|Gitary klasyczne|0|https://vignette.wikia.nocookie.net/james-camerons-avatar/images/4/4c/Brak_obrazka.jpg/revision/latest?cb=20110605102907&path-prefix=pl
132430|1|Gitary klasyczne 4/4|Gitary klasyczne|0|https://vignette.wikia.nocookie.net/james-camerons-avatar/images/4/4c/Brak_obrazka.jpg/revision/latest?cb=20110605102907&path-prefix=pl
127499|1|Gitary klasyczne 7/8|Gitary klasyczne|0|https://vignette.wikia.nocookie.net/james-camerons-avatar/images/4/4c/Brak_obrazka.jpg/revision/latest?cb=20110605102907&path-prefix=pl
128719|1|Gitary klasyczne z elektroniką|Gitary klasyczne|0|https://vignette.wikia.nocookie.net/james-camerons-avatar/images/4/4c/Brak_obrazka.jpg/revision/latest?cb=20110605102907&path-prefix=pl
120077|1|Grip Mastery|Gitary|0|https://vignette.wikia.nocookie.net/james-camerons-avatar/images/4/4c/Brak_obrazka.jpg/revision/latest?cb=20110605102907&path-prefix=pl
120076|1|Kapodastry|Gitary|0|https://vignette.wikia.nocookie.net/james-camerons-avatar/images/4/4c/Brak_obrazka.jpg/revision/latest?cb=20110605102907&path-prefix=pl
120078|1|Kostki, piórka, pazurki|Gitary|0|https://vignette.wikia.nocookie.net/james-camerons-avatar/images/4/4c/Brak_obrazka.jpg/revision/latest?cb=20110605102907&path-prefix=pl
127822|1|Mandoliny i ukulele|Gitary|0|https://vignette.wikia.nocookie.net/james-camerons-avatar/images/4/4c/Brak_obrazka.jpg/revision/latest?cb=20110605102907&path-prefix=pl
120079|1|Paski gitarowe|Gitary|0|https://vignette.wikia.nocookie.net/james-camerons-avatar/images/4/4c/Brak_obrazka.jpg/revision/latest?cb=20110605102907&path-prefix=pl
120080|1|Podnóżki, podgitarniki|Gitary|0|https://vignette.wikia.nocookie.net/james-camerons-avatar/images/4/4c/Brak_obrazka.jpg/revision/latest?cb=20110605102907&path-prefix=pl
132551|1|Pokrowce|Gitary|0|https://vignette.wikia.nocookie.net/james-camerons-avatar/images/4/4c/Brak_obrazka.jpg/revision/latest?cb=20110605102907&path-prefix=pl
132558|1|Pokrowce do gitar akustycznych|Pokrowce|0|https://vignette.wikia.nocookie.net/james-camerons-avatar/images/4/4c/Brak_obrazka.jpg/revision/latest?cb=20110605102907&path-prefix=pl
132561|1|Pokrowce do gitar basowych|Pokrowce|0|https://vignette.wikia.nocookie.net/james-camerons-avatar/images/4/4c/Brak_obrazka.jpg/revision/latest?cb=20110605102907&path-prefix=pl
132559|1|Pokrowce do gitar elektrycznych|Pokrowce|0|https://vignette.wikia.nocookie.net/james-camerons-avatar/images/4/4c/Brak_obrazka.jpg/revision/latest?cb=20110605102907&path-prefix=pl
132560|1|Pokrowce do gitar klasycznych|Pokrowce|0|https://vignette.wikia.nocookie.net/james-camerons-avatar/images/4/4c/Brak_obrazka.jpg/revision/latest?cb=20110605102907&path-prefix=pl
132562|1|Pokrowce do gitar, pozostałe|Pokrowce|0|https://vignette.wikia.nocookie.net/james-camerons-avatar/images/4/4c/Brak_obrazka.jpg/revision/latest?cb=20110605102907&path-prefix=pl
120081|1|Przetworniki gitarowe|Gitary|0|https://vignette.wikia.nocookie.net/james-camerons-avatar/images/4/4c/Brak_obrazka.jpg/revision/latest?cb=20110605102907&path-prefix=pl
120082|1|Slide tuleje|Gitary|0|https://vignette.wikia.nocookie.net/james-camerons-avatar/images/4/4c/Brak_obrazka.jpg/revision/latest?cb=20110605102907&path-prefix=pl
120083|1|Statywy gitarowe|Gitary|0|https://vignette.wikia.nocookie.net/james-camerons-avatar/images/4/4c/Brak_obrazka.jpg/revision/latest?cb=20110605102907&path-prefix=pl
120084|1|Straploki i zaczepy do pasków|Gitary|0|https://vignette.wikia.nocookie.net/james-camerons-avatar/images/4/4c/Brak_obrazka.jpg/revision/latest?cb=20110605102907&path-prefix=pl
41|1|Struny gitarowe|Gitary|0|https://vignette.wikia.nocookie.net/james-camerons-avatar/images/4/4c/Brak_obrazka.jpg/revision/latest?cb=20110605102907&path-prefix=pl
128943|1|Struny do banjo|Struny gitarowe|0|https://vignette.wikia.nocookie.net/james-camerons-avatar/images/4/4c/Brak_obrazka.jpg/revision/latest?cb=20110605102907&path-prefix=pl
119975|1|Struny do gitar akustycznych|Struny gitarowe|0|https://vignette.wikia.nocookie.net/james-camerons-avatar/images/4/4c/Brak_obrazka.jpg/revision/latest?cb=20110605102907&path-prefix=pl
119976|1|Struny do gitar basowych|Struny gitarowe|0|https://vignette.wikia.nocookie.net/james-camerons-avatar/images/4/4c/Brak_obrazka.jpg/revision/latest?cb=20110605102907&path-prefix=pl
119977|1|Struny do gitar elektrycznych|Struny gitarowe|0|https://vignette.wikia.nocookie.net/james-camerons-avatar/images/4/4c/Brak_obrazka.jpg/revision/latest?cb=20110605102907&path-prefix=pl
119978|1|Struny do gitar klasycznych|Struny gitarowe|0|https://vignette.wikia.nocookie.net/james-camerons-avatar/images/4/4c/Brak_obrazka.jpg/revision/latest?cb=20110605102907&path-prefix=pl
120206|1|Struny do mandoliny|Struny gitarowe|0|https://vignette.wikia.nocookie.net/james-camerons-avatar/images/4/4c/Brak_obrazka.jpg/revision/latest?cb=20110605102907&path-prefix=pl
135896|1|Struny do ukulele|Struny gitarowe|0|https://vignette.wikia.nocookie.net/james-camerons-avatar/images/4/4c/Brak_obrazka.jpg/revision/latest?cb=20110605102907&path-prefix=pl
119980|1|Struny gitarowe pojedyncze|Struny gitarowe|0|https://vignette.wikia.nocookie.net/james-camerons-avatar/images/4/4c/Brak_obrazka.jpg/revision/latest?cb=20110605102907&path-prefix=pl
120121|1|Wzmacniacze i kolumny basowe|Gitary|0|https://vignette.wikia.nocookie.net/james-camerons-avatar/images/4/4c/Brak_obrazka.jpg/revision/latest?cb=20110605102907&path-prefix=pl
120122|1|Wzmacniacze i kolumny gitarowe|Gitary|0|https://vignette.wikia.nocookie.net/james-camerons-avatar/images/4/4c/Brak_obrazka.jpg/revision/latest?cb=20110605102907&path-prefix=pl
129632|1|Zestawy gitarowe|Gitary|0|https://vignette.wikia.nocookie.net/james-camerons-avatar/images/4/4c/Brak_obrazka.jpg/revision/latest?cb=20110605102907&path-prefix=pl
129636|1|Akustyczne|Zestawy gitarowe|0|https://vignette.wikia.nocookie.net/james-camerons-avatar/images/4/4c/Brak_obrazka.jpg/revision/latest?cb=20110605102907&path-prefix=pl
129635|1|Basowe|Zestawy gitarowe|0|https://vignette.wikia.nocookie.net/james-camerons-avatar/images/4/4c/Brak_obrazka.jpg/revision/latest?cb=20110605102907&path-prefix=pl
129634|1|Elektryczne|Zestawy gitarowe|0|https://vignette.wikia.nocookie.net/james-camerons-avatar/images/4/4c/Brak_obrazka.jpg/revision/latest?cb=20110605102907&path-prefix=pl
129633|1|Klasyczne|Zestawy gitarowe|0|https://vignette.wikia.nocookie.net/james-camerons-avatar/images/4/4c/Brak_obrazka.jpg/revision/latest?cb=20110605102907&path-prefix=pl
120085|1|Środki do konserwacji|Gitary|0|https://vignette.wikia.nocookie.net/james-camerons-avatar/images/4/4c/Brak_obrazka.jpg/revision/latest?cb=20110605102907&path-prefix=pl
20|1|Instrumenty dęte||0|https://vignette.wikia.nocookie.net/james-camerons-avatar/images/4/4c/Brak_obrazka.jpg/revision/latest?cb=20110605102907&path-prefix=pl
119534|1|Akcesoria dęte|Instrumenty dęte|0|https://vignette.wikia.nocookie.net/james-camerons-avatar/images/4/4c/Brak_obrazka.jpg/revision/latest?cb=20110605102907&path-prefix=pl
119539|1|Flety poprzeczne|Instrumenty dęte|0|https://vignette.wikia.nocookie.net/james-camerons-avatar/images/4/4c/Brak_obrazka.jpg/revision/latest?cb=20110605102907&path-prefix=pl
119540|1|Flety proste|Instrumenty dęte|0|https://vignette.wikia.nocookie.net/james-camerons-avatar/images/4/4c/Brak_obrazka.jpg/revision/latest?cb=20110605102907&path-prefix=pl
119535|1|Futerały i pokrowce|Instrumenty dęte|0|https://vignette.wikia.nocookie.net/james-camerons-avatar/images/4/4c/Brak_obrazka.jpg/revision/latest?cb=20110605102907&path-prefix=pl
119541|1|Harmonijki ustne|Instrumenty dęte|0|https://vignette.wikia.nocookie.net/james-camerons-avatar/images/4/4c/Brak_obrazka.jpg/revision/latest?cb=20110605102907&path-prefix=pl
119542|1|Klarnety|Instrumenty dęte|0|https://vignette.wikia.nocookie.net/james-camerons-avatar/images/4/4c/Brak_obrazka.jpg/revision/latest?cb=20110605102907&path-prefix=pl
143264|1|Kornety|Instrumenty dęte|0|https://vignette.wikia.nocookie.net/james-camerons-avatar/images/4/4c/Brak_obrazka.jpg/revision/latest?cb=20110605102907&path-prefix=pl
119570|1|Pozostałe instrumenty dęte|Instrumenty dęte|0|https://vignette.wikia.nocookie.net/james-camerons-avatar/images/4/4c/Brak_obrazka.jpg/revision/latest?cb=20110605102907&path-prefix=pl
119568|1|Puzony|Instrumenty dęte|0|https://vignette.wikia.nocookie.net/james-camerons-avatar/images/4/4c/Brak_obrazka.jpg/revision/latest?cb=20110605102907&path-prefix=pl
119543|1|Saksofony|Instrumenty dęte|0|https://vignette.wikia.nocookie.net/james-camerons-avatar/images/4/4c/Brak_obrazka.jpg/revision/latest?cb=20110605102907&path-prefix=pl
122557|1|Statywy|Instrumenty dęte|0|https://vignette.wikia.nocookie.net/james-camerons-avatar/images/4/4c/Brak_obrazka.jpg/revision/latest?cb=20110605102907&path-prefix=pl
119536|1|Stroiki|Instrumenty dęte|0|https://vignette.wikia.nocookie.net/james-camerons-avatar/images/4/4c/Brak_obrazka.jpg/revision/latest?cb=20110605102907&path-prefix=pl
119544|1|Trąbki|Instrumenty dęte|0|https://vignette.wikia.nocookie.net/james-camerons-avatar/images/4/4c/Brak_obrazka.jpg/revision/latest?cb=20110605102907&path-prefix=pl
119537|1|Ustniki|Instrumenty dęte|0|https://vignette.wikia.nocookie.net/james-camerons-avatar/images/4/4c/Brak_obrazka.jpg/revision/latest?cb=20110605102907&path-prefix=pl
119569|1|Waltornie|Instrumenty dęte|0|https://vignette.wikia.nocookie.net/james-camerons-avatar/images/4/4c/Brak_obrazka.jpg/revision/latest?cb=20110605102907&path-prefix=pl
119538|1|Środki czyszczące i pielęgnacyjne|Instrumenty dęte|0|https://vignette.wikia.nocookie.net/james-camerons-avatar/images/4/4c/Brak_obrazka.jpg/revision/latest?cb=20110605102907&path-prefix=pl
119518|1|Instrumenty klawiszowe||0|https://vignette.wikia.nocookie.net/james-camerons-avatar/images/4/4c/Brak_obrazka.jpg/revision/latest?cb=20110605102907&path-prefix=pl
119523|1|Akcesoria dla instrumentów klawiszowych|Instrumenty klawiszowe|0|https://vignette.wikia.nocookie.net/james-camerons-avatar/images/4/4c/Brak_obrazka.jpg/revision/latest?cb=20110605102907&path-prefix=pl
119522|1|Akordeony|Instrumenty klawiszowe|0|https://vignette.wikia.nocookie.net/james-camerons-avatar/images/4/4c/Brak_obrazka.jpg/revision/latest?cb=20110605102907&path-prefix=pl
151249|1|Akordeony cyfrowe|Akordeony|0|https://vignette.wikia.nocookie.net/james-camerons-avatar/images/4/4c/Brak_obrazka.jpg/revision/latest?cb=20110605102907&path-prefix=pl
151250|1|Akordeony diatoniczne, heligonki|Akordeony|0|https://vignette.wikia.nocookie.net/james-camerons-avatar/images/4/4c/Brak_obrazka.jpg/revision/latest?cb=20110605102907&path-prefix=pl
151247|1|Akordeony guzikowe|Akordeony|0|https://vignette.wikia.nocookie.net/james-camerons-avatar/images/4/4c/Brak_obrazka.jpg/revision/latest?cb=20110605102907&path-prefix=pl
151248|1|Akordeony klawiszowe|Akordeony|0|https://vignette.wikia.nocookie.net/james-camerons-avatar/images/4/4c/Brak_obrazka.jpg/revision/latest?cb=20110605102907&path-prefix=pl
162040|1|Akordeony z konwertorem (barytonami)|Akordeony|0|https://vignette.wikia.nocookie.net/james-camerons-avatar/images/4/4c/Brak_obrazka.jpg/revision/latest?cb=20110605102907&path-prefix=pl
151251|1|Części i akcesoria|Akordeony|0|https://vignette.wikia.nocookie.net/james-camerons-avatar/images/4/4c/Brak_obrazka.jpg/revision/latest?cb=20110605102907&path-prefix=pl
151253|1|Futerały i pokrowce|Akordeony|0|https://vignette.wikia.nocookie.net/james-camerons-avatar/images/4/4c/Brak_obrazka.jpg/revision/latest?cb=20110605102907&path-prefix=pl
151252|1|Pasy do akordeonów|Akordeony|0|https://vignette.wikia.nocookie.net/james-camerons-avatar/images/4/4c/Brak_obrazka.jpg/revision/latest?cb=20110605102907&path-prefix=pl
119521|1|Fortepiany|Instrumenty klawiszowe|0|https://vignette.wikia.nocookie.net/james-camerons-avatar/images/4/4c/Brak_obrazka.jpg/revision/latest?cb=20110605102907&path-prefix=pl
119524|1|Futerały i pokrowce|Instrumenty klawiszowe|0|https://vignette.wikia.nocookie.net/james-camerons-avatar/images/4/4c/Brak_obrazka.jpg/revision/latest?cb=20110605102907&path-prefix=pl
119525|1|Keyboardy|Instrumenty klawiszowe|0|https://vignette.wikia.nocookie.net/james-camerons-avatar/images/4/4c/Brak_obrazka.jpg/revision/latest?cb=20110605102907&path-prefix=pl
119526|1|Klawiatury sterujące, MIDI|Instrumenty klawiszowe|0|https://vignette.wikia.nocookie.net/james-camerons-avatar/images/4/4c/Brak_obrazka.jpg/revision/latest?cb=20110605102907&path-prefix=pl
119528|1|Kontrolery nożne, pedały|Instrumenty klawiszowe|0|https://vignette.wikia.nocookie.net/james-camerons-avatar/images/4/4c/Brak_obrazka.jpg/revision/latest?cb=20110605102907&path-prefix=pl
119529|1|Moduły brzmieniowe i sekwencery|Instrumenty klawiszowe|0|https://vignette.wikia.nocookie.net/james-camerons-avatar/images/4/4c/Brak_obrazka.jpg/revision/latest?cb=20110605102907&path-prefix=pl
119530|1|Organy|Instrumenty klawiszowe|0|https://vignette.wikia.nocookie.net/james-camerons-avatar/images/4/4c/Brak_obrazka.jpg/revision/latest?cb=20110605102907&path-prefix=pl
119519|1|Pianina akustyczne|Instrumenty klawiszowe|0|https://vignette.wikia.nocookie.net/james-camerons-avatar/images/4/4c/Brak_obrazka.jpg/revision/latest?cb=20110605102907&path-prefix=pl
119520|1|Pianina elektroniczne, stage piana|Instrumenty klawiszowe|0|https://vignette.wikia.nocookie.net/james-camerons-avatar/images/4/4c/Brak_obrazka.jpg/revision/latest?cb=20110605102907&path-prefix=pl
119531|1|Statywy klawiszowe|Instrumenty klawiszowe|0|https://vignette.wikia.nocookie.net/james-camerons-avatar/images/4/4c/Brak_obrazka.jpg/revision/latest?cb=20110605102907&path-prefix=pl
119532|1|Syntezatory|Instrumenty klawiszowe|0|https://vignette.wikia.nocookie.net/james-camerons-avatar/images/4/4c/Brak_obrazka.jpg/revision/latest?cb=20110605102907&path-prefix=pl
119533|1|Taborety, ławy, siedziska|Instrumenty klawiszowe|0|https://vignette.wikia.nocookie.net/james-camerons-avatar/images/4/4c/Brak_obrazka.jpg/revision/latest?cb=20110605102907&path-prefix=pl
119527|1|Wzmacniacze do klawiszy|Instrumenty klawiszowe|0|https://vignette.wikia.nocookie.net/james-camerons-avatar/images/4/4c/Brak_obrazka.jpg/revision/latest?cb=20110605102907&path-prefix=pl
50|1|Instrumenty perkusyjne||0|https://vignette.wikia.nocookie.net/james-camerons-avatar/images/4/4c/Brak_obrazka.jpg/revision/latest?cb=20110605102907&path-prefix=pl
119571|1|Akcesoria perkusyjne|Instrumenty perkusyjne|0|https://vignette.wikia.nocookie.net/james-camerons-avatar/images/4/4c/Brak_obrazka.jpg/revision/latest?cb=20110605102907&path-prefix=pl
132749|1|Bijaki|Akcesoria perkusyjne|0|https://vignette.wikia.nocookie.net/james-camerons-avatar/images/4/4c/Brak_obrazka.jpg/revision/latest?cb=20110605102907&path-prefix=pl
132750|1|Filce|Akcesoria perkusyjne|0|https://vignette.wikia.nocookie.net/james-camerons-avatar/images/4/4c/Brak_obrazka.jpg/revision/latest?cb=20110605102907&path-prefix=pl
132742|1|Kluczyki perkusyjne|Akcesoria perkusyjne|0|https://vignette.wikia.nocookie.net/james-camerons-avatar/images/4/4c/Brak_obrazka.jpg/revision/latest?cb=20110605102907&path-prefix=pl
132760|1|Maszynki do hi-hatu|Akcesoria perkusyjne|0|https://vignette.wikia.nocookie.net/james-camerons-avatar/images/4/4c/Brak_obrazka.jpg/revision/latest?cb=20110605102907&path-prefix=pl
132753|1|Multiclampy|Akcesoria perkusyjne|0|https://vignette.wikia.nocookie.net/james-camerons-avatar/images/4/4c/Brak_obrazka.jpg/revision/latest?cb=20110605102907&path-prefix=pl
122834|1|Pady treningowe|Akcesoria perkusyjne|0|https://vignette.wikia.nocookie.net/james-camerons-avatar/images/4/4c/Brak_obrazka.jpg/revision/latest?cb=20110605102907&path-prefix=pl
132747|1|Podkładki pod śruby|Akcesoria perkusyjne|0|https://vignette.wikia.nocookie.net/james-camerons-avatar/images/4/4c/Brak_obrazka.jpg/revision/latest?cb=20110605102907&path-prefix=pl
122912|1|Pozostałe|Akcesoria perkusyjne|0|https://vignette.wikia.nocookie.net/james-camerons-avatar/images/4/4c/Brak_obrazka.jpg/revision/latest?cb=20110605102907&path-prefix=pl
132751|1|Ramiona perkusyjne|Akcesoria perkusyjne|0|https://vignette.wikia.nocookie.net/james-camerons-avatar/images/4/4c/Brak_obrazka.jpg/revision/latest?cb=20110605102907&path-prefix=pl
132745|1|Rękawiczki|Akcesoria perkusyjne|0|https://vignette.wikia.nocookie.net/james-camerons-avatar/images/4/4c/Brak_obrazka.jpg/revision/latest?cb=20110605102907&path-prefix=pl
132744|1|Sprężyny do stopy|Akcesoria perkusyjne|0|https://vignette.wikia.nocookie.net/james-camerons-avatar/images/4/4c/Brak_obrazka.jpg/revision/latest?cb=20110605102907&path-prefix=pl
122913|1|Sprężyny do werbla|Akcesoria perkusyjne|0|https://vignette.wikia.nocookie.net/james-camerons-avatar/images/4/4c/Brak_obrazka.jpg/revision/latest?cb=20110605102907&path-prefix=pl
132743|1|Stroiki do perkusji|Akcesoria perkusyjne|0|https://vignette.wikia.nocookie.net/james-camerons-avatar/images/4/4c/Brak_obrazka.jpg/revision/latest?cb=20110605102907&path-prefix=pl
122911|1|Tłumiki do perkusji|Akcesoria perkusyjne|0|https://vignette.wikia.nocookie.net/james-camerons-avatar/images/4/4c/Brak_obrazka.jpg/revision/latest?cb=20110605102907&path-prefix=pl
132746|1|Łatki pod bijak|Akcesoria perkusyjne|0|https://vignette.wikia.nocookie.net/james-camerons-avatar/images/4/4c/Brak_obrazka.jpg/revision/latest?cb=20110605102907&path-prefix=pl
122836|1|Środki czyszczące, polerujące|Akcesoria perkusyjne|0|https://vignette.wikia.nocookie.net/james-camerons-avatar/images/4/4c/Brak_obrazka.jpg/revision/latest?cb=20110605102907&path-prefix=pl
132748|1|Śrubki, nakrętki, motylki|Akcesoria perkusyjne|0|https://vignette.wikia.nocookie.net/james-camerons-avatar/images/4/4c/Brak_obrazka.jpg/revision/latest?cb=20110605102907&path-prefix=pl
119574|1|Hardware|Instrumenty perkusyjne|0|https://vignette.wikia.nocookie.net/james-camerons-avatar/images/4/4c/Brak_obrazka.jpg/revision/latest?cb=20110605102907&path-prefix=pl
119582|1|Ramy, łączniki, klamry|Hardware|0|https://vignette.wikia.nocookie.net/james-camerons-avatar/images/4/4c/Brak_obrazka.jpg/revision/latest?cb=20110605102907&path-prefix=pl
119584|1|Statywy perkusyjne|Hardware|0|https://vignette.wikia.nocookie.net/james-camerons-avatar/images/4/4c/Brak_obrazka.jpg/revision/latest?cb=20110605102907&path-prefix=pl
161705|1|Proste statywy pod talerze|Statywy perkusyjne|0|https://vignette.wikia.nocookie.net/james-camerons-avatar/images/4/4c/Brak_obrazka.jpg/revision/latest?cb=20110605102907&path-prefix=pl
161708|1|Statywy pod hi-hat|Statywy perkusyjne|0|https://vignette.wikia.nocookie.net/james-camerons-avatar/images/4/4c/Brak_obrazka.jpg/revision/latest?cb=20110605102907&path-prefix=pl
161707|1|Statywy pod werbel|Statywy perkusyjne|0|https://vignette.wikia.nocookie.net/james-camerons-avatar/images/4/4c/Brak_obrazka.jpg/revision/latest?cb=20110605102907&path-prefix=pl
161706|1|Łamane statywy pod talerze|Statywy perkusyjne|0|https://vignette.wikia.nocookie.net/james-camerons-avatar/images/4/4c/Brak_obrazka.jpg/revision/latest?cb=20110605102907&path-prefix=pl
119583|1|Stopy perkusyjne|Hardware|0|https://vignette.wikia.nocookie.net/james-camerons-avatar/images/4/4c/Brak_obrazka.jpg/revision/latest?cb=20110605102907&path-prefix=pl
161704|1|Podwójne stopy perkusyjne|Stopy perkusyjne|0|https://vignette.wikia.nocookie.net/james-camerons-avatar/images/4/4c/Brak_obrazka.jpg/revision/latest?cb=20110605102907&path-prefix=pl
161703|1|Pojedyncze stopy perkusyjne|Stopy perkusyjne|0|https://vignette.wikia.nocookie.net/james-camerons-avatar/images/4/4c/Brak_obrazka.jpg/revision/latest?cb=20110605102907&path-prefix=pl
119585|1|Stołki perkusyjne|Hardware|0|https://vignette.wikia.nocookie.net/james-camerons-avatar/images/4/4c/Brak_obrazka.jpg/revision/latest?cb=20110605102907&path-prefix=pl
119576|1|Naciągi perkusyjne|Instrumenty perkusyjne|0|https://vignette.wikia.nocookie.net/james-camerons-avatar/images/4/4c/Brak_obrazka.jpg/revision/latest?cb=20110605102907&path-prefix=pl
161702|1|Naciągi do bongosów, djembe, darbuki|Naciągi perkusyjne|0|https://vignette.wikia.nocookie.net/james-camerons-avatar/images/4/4c/Brak_obrazka.jpg/revision/latest?cb=20110605102907&path-prefix=pl
161701|1|Naciągi do bębna centralnego|Naciągi perkusyjne|0|https://vignette.wikia.nocookie.net/james-camerons-avatar/images/4/4c/Brak_obrazka.jpg/revision/latest?cb=20110605102907&path-prefix=pl
161700|1|Naciągi do tomów|Naciągi perkusyjne|0|https://vignette.wikia.nocookie.net/james-camerons-avatar/images/4/4c/Brak_obrazka.jpg/revision/latest?cb=20110605102907&path-prefix=pl
161699|1|Naciągi werblowe|Naciągi perkusyjne|0|https://vignette.wikia.nocookie.net/james-camerons-avatar/images/4/4c/Brak_obrazka.jpg/revision/latest?cb=20110605102907&path-prefix=pl
132757|1|Orkiestrowe instrumenty perkusyjne|Instrumenty perkusyjne|0|https://vignette.wikia.nocookie.net/james-camerons-avatar/images/4/4c/Brak_obrazka.jpg/revision/latest?cb=20110605102907&path-prefix=pl
119577|1|Pałki perkusyjne|Instrumenty perkusyjne|0|https://vignette.wikia.nocookie.net/james-camerons-avatar/images/4/4c/Brak_obrazka.jpg/revision/latest?cb=20110605102907&path-prefix=pl
132739|1|Miotełki perkusyje|Pałki perkusyjne|0|https://vignette.wikia.nocookie.net/james-camerons-avatar/images/4/4c/Brak_obrazka.jpg/revision/latest?cb=20110605102907&path-prefix=pl
132741|1|Pałki do instr. orkiestrowych|Pałki perkusyjne|0|https://vignette.wikia.nocookie.net/james-camerons-avatar/images/4/4c/Brak_obrazka.jpg/revision/latest?cb=20110605102907&path-prefix=pl
132738|1|Pałki perkusyjne|Pałki perkusyjne|0|https://vignette.wikia.nocookie.net/james-camerons-avatar/images/4/4c/Brak_obrazka.jpg/revision/latest?cb=20110605102907&path-prefix=pl
132740|1|Rózgi perkusyjne|Pałki perkusyjne|0|https://vignette.wikia.nocookie.net/james-camerons-avatar/images/4/4c/Brak_obrazka.jpg/revision/latest?cb=20110605102907&path-prefix=pl
119579|1|Perkusje akustyczne|Instrumenty perkusyjne|0|https://vignette.wikia.nocookie.net/james-camerons-avatar/images/4/4c/Brak_obrazka.jpg/revision/latest?cb=20110605102907&path-prefix=pl
119578|1|Perkusje elektroniczne|Instrumenty perkusyjne|0|https://vignette.wikia.nocookie.net/james-camerons-avatar/images/4/4c/Brak_obrazka.jpg/revision/latest?cb=20110605102907&path-prefix=pl
132725|1|Perkusjonalia|Instrumenty perkusyjne|0|https://vignette.wikia.nocookie.net/james-camerons-avatar/images/4/4c/Brak_obrazka.jpg/revision/latest?cb=20110605102907&path-prefix=pl
132730|1|Blocki|Perkusjonalia|0|https://vignette.wikia.nocookie.net/james-camerons-avatar/images/4/4c/Brak_obrazka.jpg/revision/latest?cb=20110605102907&path-prefix=pl
132727|1|Bongosy|Perkusjonalia|0|https://vignette.wikia.nocookie.net/james-camerons-avatar/images/4/4c/Brak_obrazka.jpg/revision/latest?cb=20110605102907&path-prefix=pl
132734|1|Cajony|Perkusjonalia|0|https://vignette.wikia.nocookie.net/james-camerons-avatar/images/4/4c/Brak_obrazka.jpg/revision/latest?cb=20110605102907&path-prefix=pl
132736|1|Chimesy|Perkusjonalia|0|https://vignette.wikia.nocookie.net/james-camerons-avatar/images/4/4c/Brak_obrazka.jpg/revision/latest?cb=20110605102907&path-prefix=pl
132728|1|Conga|Perkusjonalia|0|https://vignette.wikia.nocookie.net/james-camerons-avatar/images/4/4c/Brak_obrazka.jpg/revision/latest?cb=20110605102907&path-prefix=pl
132729|1|Cowbelle|Perkusjonalia|0|https://vignette.wikia.nocookie.net/james-camerons-avatar/images/4/4c/Brak_obrazka.jpg/revision/latest?cb=20110605102907&path-prefix=pl
132735|1|Darbuki|Perkusjonalia|0|https://vignette.wikia.nocookie.net/james-camerons-avatar/images/4/4c/Brak_obrazka.jpg/revision/latest?cb=20110605102907&path-prefix=pl
132726|1|Djembe|Perkusjonalia|0|https://vignette.wikia.nocookie.net/james-camerons-avatar/images/4/4c/Brak_obrazka.jpg/revision/latest?cb=20110605102907&path-prefix=pl
132755|1|Drumle|Perkusjonalia|0|https://vignette.wikia.nocookie.net/james-camerons-avatar/images/4/4c/Brak_obrazka.jpg/revision/latest?cb=20110605102907&path-prefix=pl
132737|1|Inne instrumenty perkusyjne|Perkusjonalia|0|https://vignette.wikia.nocookie.net/james-camerons-avatar/images/4/4c/Brak_obrazka.jpg/revision/latest?cb=20110605102907&path-prefix=pl
132731|1|Marakasy|Perkusjonalia|0|https://vignette.wikia.nocookie.net/james-camerons-avatar/images/4/4c/Brak_obrazka.jpg/revision/latest?cb=20110605102907&path-prefix=pl
132732|1|Shakery|Perkusjonalia|0|https://vignette.wikia.nocookie.net/james-camerons-avatar/images/4/4c/Brak_obrazka.jpg/revision/latest?cb=20110605102907&path-prefix=pl
132733|1|Tamburyny|Perkusjonalia|0|https://vignette.wikia.nocookie.net/james-camerons-avatar/images/4/4c/Brak_obrazka.jpg/revision/latest?cb=20110605102907&path-prefix=pl
132756|1|Trójkąty|Perkusjonalia|0|https://vignette.wikia.nocookie.net/james-camerons-avatar/images/4/4c/Brak_obrazka.jpg/revision/latest?cb=20110605102907&path-prefix=pl
119573|1|Pokrowce i futerały|Instrumenty perkusyjne|0|https://vignette.wikia.nocookie.net/james-camerons-avatar/images/4/4c/Brak_obrazka.jpg/revision/latest?cb=20110605102907&path-prefix=pl
119572|1|Talerze perkusyjne|Instrumenty perkusyjne|0|https://vignette.wikia.nocookie.net/james-camerons-avatar/images/4/4c/Brak_obrazka.jpg/revision/latest?cb=20110605102907&path-prefix=pl
122817|1|China|Talerze perkusyjne|0|https://vignette.wikia.nocookie.net/james-camerons-avatar/images/4/4c/Brak_obrazka.jpg/revision/latest?cb=20110605102907&path-prefix=pl
122813|1|Crash|Talerze perkusyjne|0|https://vignette.wikia.nocookie.net/james-camerons-avatar/images/4/4c/Brak_obrazka.jpg/revision/latest?cb=20110605102907&path-prefix=pl
122816|1|Hi-hat|Talerze perkusyjne|0|https://vignette.wikia.nocookie.net/james-camerons-avatar/images/4/4c/Brak_obrazka.jpg/revision/latest?cb=20110605102907&path-prefix=pl
122818|1|Komplety|Talerze perkusyjne|0|https://vignette.wikia.nocookie.net/james-camerons-avatar/images/4/4c/Brak_obrazka.jpg/revision/latest?cb=20110605102907&path-prefix=pl
122814|1|Ride|Talerze perkusyjne|0|https://vignette.wikia.nocookie.net/james-camerons-avatar/images/4/4c/Brak_obrazka.jpg/revision/latest?cb=20110605102907&path-prefix=pl
122815|1|Splash|Talerze perkusyjne|0|https://vignette.wikia.nocookie.net/james-camerons-avatar/images/4/4c/Brak_obrazka.jpg/revision/latest?cb=20110605102907&path-prefix=pl
119580|1|Werble|Instrumenty perkusyjne|0|https://vignette.wikia.nocookie.net/james-camerons-avatar/images/4/4c/Brak_obrazka.jpg/revision/latest?cb=20110605102907&path-prefix=pl
120126|1|Instrumenty smyczkowe||0|https://vignette.wikia.nocookie.net/james-camerons-avatar/images/4/4c/Brak_obrazka.jpg/revision/latest?cb=20110605102907&path-prefix=pl
120127|1|Akcesoria|Instrumenty smyczkowe|0|https://vignette.wikia.nocookie.net/james-camerons-avatar/images/4/4c/Brak_obrazka.jpg/revision/latest?cb=20110605102907&path-prefix=pl
120128|1|Altówki|Instrumenty smyczkowe|0|https://vignette.wikia.nocookie.net/james-camerons-avatar/images/4/4c/Brak_obrazka.jpg/revision/latest?cb=20110605102907&path-prefix=pl
120129|1|Futerały i pokrowce|Instrumenty smyczkowe|0|https://vignette.wikia.nocookie.net/james-camerons-avatar/images/4/4c/Brak_obrazka.jpg/revision/latest?cb=20110605102907&path-prefix=pl
151337|1|Futerały i pokrowce inne|Futerały i pokrowce|0|https://vignette.wikia.nocookie.net/james-camerons-avatar/images/4/4c/Brak_obrazka.jpg/revision/latest?cb=20110605102907&path-prefix=pl
151338|1|Futerały i pokrowce na altówkę|Futerały i pokrowce|0|https://vignette.wikia.nocookie.net/james-camerons-avatar/images/4/4c/Brak_obrazka.jpg/revision/latest?cb=20110605102907&path-prefix=pl
151336|1|Futerały i pokrowce wiolonczelowe|Futerały i pokrowce|0|https://vignette.wikia.nocookie.net/james-camerons-avatar/images/4/4c/Brak_obrazka.jpg/revision/latest?cb=20110605102907&path-prefix=pl
151335|1|Futerały skrzypcowe 3/4, 1/2 i mniejsze|Futerały i pokrowce|0|https://vignette.wikia.nocookie.net/james-camerons-avatar/images/4/4c/Brak_obrazka.jpg/revision/latest?cb=20110605102907&path-prefix=pl
151334|1|Futerały skrzypcowe 4/4 - pełny rozmiar|Futerały i pokrowce|0|https://vignette.wikia.nocookie.net/james-camerons-avatar/images/4/4c/Brak_obrazka.jpg/revision/latest?cb=20110605102907&path-prefix=pl
151333|1|Pokrowce na futerały|Futerały i pokrowce|0|https://vignette.wikia.nocookie.net/james-camerons-avatar/images/4/4c/Brak_obrazka.jpg/revision/latest?cb=20110605102907&path-prefix=pl
132132|1|Garnitury, kołki, strunniki|Instrumenty smyczkowe|0|https://vignette.wikia.nocookie.net/james-camerons-avatar/images/4/4c/Brak_obrazka.jpg/revision/latest?cb=20110605102907&path-prefix=pl
120130|1|Kalafonie|Instrumenty smyczkowe|0|https://vignette.wikia.nocookie.net/james-camerons-avatar/images/4/4c/Brak_obrazka.jpg/revision/latest?cb=20110605102907&path-prefix=pl
120131|1|Kontrabasy|Instrumenty smyczkowe|0|https://vignette.wikia.nocookie.net/james-camerons-avatar/images/4/4c/Brak_obrazka.jpg/revision/latest?cb=20110605102907&path-prefix=pl
120138|1|Oparcia (żeberka)|Instrumenty smyczkowe|0|https://vignette.wikia.nocookie.net/james-camerons-avatar/images/4/4c/Brak_obrazka.jpg/revision/latest?cb=20110605102907&path-prefix=pl
120132|1|Podbródki|Instrumenty smyczkowe|0|https://vignette.wikia.nocookie.net/james-camerons-avatar/images/4/4c/Brak_obrazka.jpg/revision/latest?cb=20110605102907&path-prefix=pl
122620|1|Przetworniki, mikrofony|Instrumenty smyczkowe|0|https://vignette.wikia.nocookie.net/james-camerons-avatar/images/4/4c/Brak_obrazka.jpg/revision/latest?cb=20110605102907&path-prefix=pl
120133|1|Skrzypce akustyczne|Instrumenty smyczkowe|0|https://vignette.wikia.nocookie.net/james-camerons-avatar/images/4/4c/Brak_obrazka.jpg/revision/latest?cb=20110605102907&path-prefix=pl
150863|1|Skrzypce akustyczne 1/10|Skrzypce akustyczne|0|https://vignette.wikia.nocookie.net/james-camerons-avatar/images/4/4c/Brak_obrazka.jpg/revision/latest?cb=20110605102907&path-prefix=pl
150862|1|Skrzypce akustyczne 1/16|Skrzypce akustyczne|0|https://vignette.wikia.nocookie.net/james-camerons-avatar/images/4/4c/Brak_obrazka.jpg/revision/latest?cb=20110605102907&path-prefix=pl
150858|1|Skrzypce akustyczne 1/2|Skrzypce akustyczne|0|https://vignette.wikia.nocookie.net/james-camerons-avatar/images/4/4c/Brak_obrazka.jpg/revision/latest?cb=20110605102907&path-prefix=pl
150860|1|Skrzypce akustyczne 1/4 |Skrzypce akustyczne|0|https://vignette.wikia.nocookie.net/james-camerons-avatar/images/4/4c/Brak_obrazka.jpg/revision/latest?cb=20110605102907&path-prefix=pl
150861|1|Skrzypce akustyczne 1/8|Skrzypce akustyczne|0|https://vignette.wikia.nocookie.net/james-camerons-avatar/images/4/4c/Brak_obrazka.jpg/revision/latest?cb=20110605102907&path-prefix=pl
150859|1|Skrzypce akustyczne 3/4|Skrzypce akustyczne|0|https://vignette.wikia.nocookie.net/james-camerons-avatar/images/4/4c/Brak_obrazka.jpg/revision/latest?cb=20110605102907&path-prefix=pl
150857|1|Skrzypce akustyczne 4/4 - pełny rozmiar|Skrzypce akustyczne|0|https://vignette.wikia.nocookie.net/james-camerons-avatar/images/4/4c/Brak_obrazka.jpg/revision/latest?cb=20110605102907&path-prefix=pl
120134|1|Skrzypce elektryczne|Instrumenty smyczkowe|0|https://vignette.wikia.nocookie.net/james-camerons-avatar/images/4/4c/Brak_obrazka.jpg/revision/latest?cb=20110605102907&path-prefix=pl
120135|1|Smyczki|Instrumenty smyczkowe|0|https://vignette.wikia.nocookie.net/james-camerons-avatar/images/4/4c/Brak_obrazka.jpg/revision/latest?cb=20110605102907&path-prefix=pl
151355|1|Akcesoria, części do smyczków|Smyczki|0|https://vignette.wikia.nocookie.net/james-camerons-avatar/images/4/4c/Brak_obrazka.jpg/revision/latest?cb=20110605102907&path-prefix=pl
151352|1|Smyczki do altówki|Smyczki|0|https://vignette.wikia.nocookie.net/james-camerons-avatar/images/4/4c/Brak_obrazka.jpg/revision/latest?cb=20110605102907&path-prefix=pl
151354|1|Smyczki do kontrabasu|Smyczki|0|https://vignette.wikia.nocookie.net/james-camerons-avatar/images/4/4c/Brak_obrazka.jpg/revision/latest?cb=20110605102907&path-prefix=pl
151350|1|Smyczki do skrzypiec 4/4 (pełny rozmiar)|Smyczki|0|https://vignette.wikia.nocookie.net/james-camerons-avatar/images/4/4c/Brak_obrazka.jpg/revision/latest?cb=20110605102907&path-prefix=pl
151353|1|Smyczki do wiolonczeli |Smyczki|0|https://vignette.wikia.nocookie.net/james-camerons-avatar/images/4/4c/Brak_obrazka.jpg/revision/latest?cb=20110605102907&path-prefix=pl
151351|1|Smyczki skrzypcowe 3/4, 1/2 i mniejsze|Smyczki|0|https://vignette.wikia.nocookie.net/james-camerons-avatar/images/4/4c/Brak_obrazka.jpg/revision/latest?cb=20110605102907&path-prefix=pl
125652|1|Statywy, stojaki|Instrumenty smyczkowe|0|https://vignette.wikia.nocookie.net/james-camerons-avatar/images/4/4c/Brak_obrazka.jpg/revision/latest?cb=20110605102907&path-prefix=pl
120136|1|Struny|Instrumenty smyczkowe|0|https://vignette.wikia.nocookie.net/james-camerons-avatar/images/4/4c/Brak_obrazka.jpg/revision/latest?cb=20110605102907&path-prefix=pl
136763|1|Struny do altówki|Struny|0|https://vignette.wikia.nocookie.net/james-camerons-avatar/images/4/4c/Brak_obrazka.jpg/revision/latest?cb=20110605102907&path-prefix=pl
136591|1|Struny do kontrabasu|Struny|0|https://vignette.wikia.nocookie.net/james-camerons-avatar/images/4/4c/Brak_obrazka.jpg/revision/latest?cb=20110605102907&path-prefix=pl
136762|1|Struny do skrzypiec|Struny|0|https://vignette.wikia.nocookie.net/james-camerons-avatar/images/4/4c/Brak_obrazka.jpg/revision/latest?cb=20110605102907&path-prefix=pl
136764|1|Struny do wiolonczeli|Struny|0|https://vignette.wikia.nocookie.net/james-camerons-avatar/images/4/4c/Brak_obrazka.jpg/revision/latest?cb=20110605102907&path-prefix=pl
120137|1|Wiolonczele|Instrumenty smyczkowe|0|https://vignette.wikia.nocookie.net/james-camerons-avatar/images/4/4c/Brak_obrazka.jpg/revision/latest?cb=20110605102907&path-prefix=pl
21|1|Kable, przewody||0|https://vignette.wikia.nocookie.net/james-camerons-avatar/images/4/4c/Brak_obrazka.jpg/revision/latest?cb=20110605102907&path-prefix=pl
120147|1|Akcesoria|Kable, przewody|0|https://vignette.wikia.nocookie.net/james-camerons-avatar/images/4/4c/Brak_obrazka.jpg/revision/latest?cb=20110605102907&path-prefix=pl
145034|1|Audio|Kable, przewody|0|https://vignette.wikia.nocookie.net/james-camerons-avatar/images/4/4c/Brak_obrazka.jpg/revision/latest?cb=20110605102907&path-prefix=pl
131940|1|DMX, AES/EBU|Kable, przewody|0|https://vignette.wikia.nocookie.net/james-camerons-avatar/images/4/4c/Brak_obrazka.jpg/revision/latest?cb=20110605102907&path-prefix=pl
120088|1|Gitarowe i instrumentalne|Kable, przewody|0|https://vignette.wikia.nocookie.net/james-camerons-avatar/images/4/4c/Brak_obrazka.jpg/revision/latest?cb=20110605102907&path-prefix=pl
120089|1|Głośnikowe|Kable, przewody|0|https://vignette.wikia.nocookie.net/james-camerons-avatar/images/4/4c/Brak_obrazka.jpg/revision/latest?cb=20110605102907&path-prefix=pl
145027|1|Kable na metry|Kable, przewody|0|https://vignette.wikia.nocookie.net/james-camerons-avatar/images/4/4c/Brak_obrazka.jpg/revision/latest?cb=20110605102907&path-prefix=pl
145033|1|DMX, AES/EBU|Kable na metry|0|https://vignette.wikia.nocookie.net/james-camerons-avatar/images/4/4c/Brak_obrazka.jpg/revision/latest?cb=20110605102907&path-prefix=pl
145030|1|Gitarowe i instrumentalne|Kable na metry|0|https://vignette.wikia.nocookie.net/james-camerons-avatar/images/4/4c/Brak_obrazka.jpg/revision/latest?cb=20110605102907&path-prefix=pl
145029|1|Głośnikowe|Kable na metry|0|https://vignette.wikia.nocookie.net/james-camerons-avatar/images/4/4c/Brak_obrazka.jpg/revision/latest?cb=20110605102907&path-prefix=pl
145032|1|Koncentryczne|Kable na metry|0|https://vignette.wikia.nocookie.net/james-camerons-avatar/images/4/4c/Brak_obrazka.jpg/revision/latest?cb=20110605102907&path-prefix=pl
145028|1|Mikrofonowe, patch|Kable na metry|0|https://vignette.wikia.nocookie.net/james-camerons-avatar/images/4/4c/Brak_obrazka.jpg/revision/latest?cb=20110605102907&path-prefix=pl
145031|1|Wieloparowe|Kable na metry|0|https://vignette.wikia.nocookie.net/james-camerons-avatar/images/4/4c/Brak_obrazka.jpg/revision/latest?cb=20110605102907&path-prefix=pl
120092|1|MIDI|Kable, przewody|0|https://vignette.wikia.nocookie.net/james-camerons-avatar/images/4/4c/Brak_obrazka.jpg/revision/latest?cb=20110605102907&path-prefix=pl
120091|1|Mikrofonowe, patch|Kable, przewody|0|https://vignette.wikia.nocookie.net/james-camerons-avatar/images/4/4c/Brak_obrazka.jpg/revision/latest?cb=20110605102907&path-prefix=pl
120090|1|Optyczne, Toslink|Kable, przewody|0|https://vignette.wikia.nocookie.net/james-camerons-avatar/images/4/4c/Brak_obrazka.jpg/revision/latest?cb=20110605102907&path-prefix=pl
120094|1|Pozostałe, różne|Kable, przewody|0|https://vignette.wikia.nocookie.net/james-camerons-avatar/images/4/4c/Brak_obrazka.jpg/revision/latest?cb=20110605102907&path-prefix=pl
120093|1|Wieloparowe|Kable, przewody|0|https://vignette.wikia.nocookie.net/james-camerons-avatar/images/4/4c/Brak_obrazka.jpg/revision/latest?cb=20110605102907&path-prefix=pl
130500|1|Konstrukcje sceniczne||0|https://vignette.wikia.nocookie.net/james-camerons-avatar/images/4/4c/Brak_obrazka.jpg/revision/latest?cb=20110605102907&path-prefix=pl
152888|1|Akcesoria|Konstrukcje sceniczne|0|https://vignette.wikia.nocookie.net/james-camerons-avatar/images/4/4c/Brak_obrazka.jpg/revision/latest?cb=20110605102907&path-prefix=pl
168742|1|Konstrukcja Alustage Duo|Konstrukcje sceniczne|0|https://vignette.wikia.nocookie.net/james-camerons-avatar/images/4/4c/Brak_obrazka.jpg/revision/latest?cb=20110605102907&path-prefix=pl
145426|1|Konstrukcja Alustage Quadro|Konstrukcje sceniczne|0|https://vignette.wikia.nocookie.net/james-camerons-avatar/images/4/4c/Brak_obrazka.jpg/revision/latest?cb=20110605102907&path-prefix=pl
133819|1|Konstrukcje Alustage Trisystem|Konstrukcje sceniczne|0|https://vignette.wikia.nocookie.net/james-camerons-avatar/images/4/4c/Brak_obrazka.jpg/revision/latest?cb=20110605102907&path-prefix=pl
137103|1|Konstrukcje Dura Truss 14|Konstrukcje sceniczne|0|https://vignette.wikia.nocookie.net/james-camerons-avatar/images/4/4c/Brak_obrazka.jpg/revision/latest?cb=20110605102907&path-prefix=pl
131625|1|Konstrukcje Dura Truss 22|Konstrukcje sceniczne|0|https://vignette.wikia.nocookie.net/james-camerons-avatar/images/4/4c/Brak_obrazka.jpg/revision/latest?cb=20110605102907&path-prefix=pl
131678|1|Konstrukcje Dura Truss 23|Konstrukcje sceniczne|0|https://vignette.wikia.nocookie.net/james-camerons-avatar/images/4/4c/Brak_obrazka.jpg/revision/latest?cb=20110605102907&path-prefix=pl
137100|1|Konstrukcje Dura Truss 24|Konstrukcje sceniczne|0|https://vignette.wikia.nocookie.net/james-camerons-avatar/images/4/4c/Brak_obrazka.jpg/revision/latest?cb=20110605102907&path-prefix=pl
155102|1|Konstrukcje Dura Truss 31|Konstrukcje sceniczne|0|https://vignette.wikia.nocookie.net/james-camerons-avatar/images/4/4c/Brak_obrazka.jpg/revision/latest?cb=20110605102907&path-prefix=pl
153928|1|Konstrukcje Dura Truss 32|Konstrukcje sceniczne|0|https://vignette.wikia.nocookie.net/james-camerons-avatar/images/4/4c/Brak_obrazka.jpg/revision/latest?cb=20110605102907&path-prefix=pl
131626|1|Konstrukcje Dura Truss 33|Konstrukcje sceniczne|0|https://vignette.wikia.nocookie.net/james-camerons-avatar/images/4/4c/Brak_obrazka.jpg/revision/latest?cb=20110605102907&path-prefix=pl
132317|1|Konstrukcje Dura Truss 34|Konstrukcje sceniczne|0|https://vignette.wikia.nocookie.net/james-camerons-avatar/images/4/4c/Brak_obrazka.jpg/revision/latest?cb=20110605102907&path-prefix=pl
163571|1|Molton, siatki, horyzonty|Konstrukcje sceniczne|0|https://vignette.wikia.nocookie.net/james-camerons-avatar/images/4/4c/Brak_obrazka.jpg/revision/latest?cb=20110605102907&path-prefix=pl
132006|1|Podesty i ich akcesoria|Konstrukcje sceniczne|0|https://vignette.wikia.nocookie.net/james-camerons-avatar/images/4/4c/Brak_obrazka.jpg/revision/latest?cb=20110605102907&path-prefix=pl
134445|1|Statywy wysokie, windy|Konstrukcje sceniczne|0|https://vignette.wikia.nocookie.net/james-camerons-avatar/images/4/4c/Brak_obrazka.jpg/revision/latest?cb=20110605102907&path-prefix=pl
119567|1|Metronomy i tunery||0|https://vignette.wikia.nocookie.net/james-camerons-avatar/images/4/4c/Brak_obrazka.jpg/revision/latest?cb=20110605102907&path-prefix=pl
44|1|Nuty, książki, zeszyty nutowe||0|https://vignette.wikia.nocookie.net/james-camerons-avatar/images/4/4c/Brak_obrazka.jpg/revision/latest?cb=20110605102907&path-prefix=pl
136124|1|Fortepian|Nuty, książki, zeszyty nutowe|0|https://vignette.wikia.nocookie.net/james-camerons-avatar/images/4/4c/Brak_obrazka.jpg/revision/latest?cb=20110605102907&path-prefix=pl
136139|1|Gitara i bas|Nuty, książki, zeszyty nutowe|0|https://vignette.wikia.nocookie.net/james-camerons-avatar/images/4/4c/Brak_obrazka.jpg/revision/latest?cb=20110605102907&path-prefix=pl
136141|1|Gitara basowa|Gitara i bas|0|https://vignette.wikia.nocookie.net/james-camerons-avatar/images/4/4c/Brak_obrazka.jpg/revision/latest?cb=20110605102907&path-prefix=pl
136433|1|Gitara elektryczna|Gitara i bas|0|https://vignette.wikia.nocookie.net/james-camerons-avatar/images/4/4c/Brak_obrazka.jpg/revision/latest?cb=20110605102907&path-prefix=pl
136140|1|Gitara klasyczna, akustyczna, flamenco|Gitara i bas|0|https://vignette.wikia.nocookie.net/james-camerons-avatar/images/4/4c/Brak_obrazka.jpg/revision/latest?cb=20110605102907&path-prefix=pl
136143|1|Inne instrumenty strunowe|Gitara i bas|0|https://vignette.wikia.nocookie.net/james-camerons-avatar/images/4/4c/Brak_obrazka.jpg/revision/latest?cb=20110605102907&path-prefix=pl
136142|1|Śpiewniki, chwyty|Gitara i bas|0|https://vignette.wikia.nocookie.net/james-camerons-avatar/images/4/4c/Brak_obrazka.jpg/revision/latest?cb=20110605102907&path-prefix=pl
136132|1|Instrumenty dęte|Nuty, książki, zeszyty nutowe|0|https://vignette.wikia.nocookie.net/james-camerons-avatar/images/4/4c/Brak_obrazka.jpg/revision/latest?cb=20110605102907&path-prefix=pl
136133|1|Dęte blaszane|Instrumenty dęte|0|https://vignette.wikia.nocookie.net/james-camerons-avatar/images/4/4c/Brak_obrazka.jpg/revision/latest?cb=20110605102907&path-prefix=pl
136134|1|Dęte drewniane, saksofon, flet|Instrumenty dęte|0|https://vignette.wikia.nocookie.net/james-camerons-avatar/images/4/4c/Brak_obrazka.jpg/revision/latest?cb=20110605102907&path-prefix=pl
136135|1|Harmonijka ustna|Instrumenty dęte|0|https://vignette.wikia.nocookie.net/james-camerons-avatar/images/4/4c/Brak_obrazka.jpg/revision/latest?cb=20110605102907&path-prefix=pl
136127|1|Instrumenty klawiszowe|Nuty, książki, zeszyty nutowe|0|https://vignette.wikia.nocookie.net/james-camerons-avatar/images/4/4c/Brak_obrazka.jpg/revision/latest?cb=20110605102907&path-prefix=pl
136129|1|Akordeon|Instrumenty klawiszowe|0|https://vignette.wikia.nocookie.net/james-camerons-avatar/images/4/4c/Brak_obrazka.jpg/revision/latest?cb=20110605102907&path-prefix=pl
136130|1|Keyboard|Instrumenty klawiszowe|0|https://vignette.wikia.nocookie.net/james-camerons-avatar/images/4/4c/Brak_obrazka.jpg/revision/latest?cb=20110605102907&path-prefix=pl
136128|1|Organy|Instrumenty klawiszowe|0|https://vignette.wikia.nocookie.net/james-camerons-avatar/images/4/4c/Brak_obrazka.jpg/revision/latest?cb=20110605102907&path-prefix=pl
136136|1|Instrumenty perkusyjne|Nuty, książki, zeszyty nutowe|0|https://vignette.wikia.nocookie.net/james-camerons-avatar/images/4/4c/Brak_obrazka.jpg/revision/latest?cb=20110605102907&path-prefix=pl
136138|1|Instrumenty orkiestrowe|Instrumenty perkusyjne|0|https://vignette.wikia.nocookie.net/james-camerons-avatar/images/4/4c/Brak_obrazka.jpg/revision/latest?cb=20110605102907&path-prefix=pl
136436|1|Perkusjonalia|Instrumenty perkusyjne|0|https://vignette.wikia.nocookie.net/james-camerons-avatar/images/4/4c/Brak_obrazka.jpg/revision/latest?cb=20110605102907&path-prefix=pl
136137|1|Zestaw perkusyjny|Instrumenty perkusyjne|0|https://vignette.wikia.nocookie.net/james-camerons-avatar/images/4/4c/Brak_obrazka.jpg/revision/latest?cb=20110605102907&path-prefix=pl
136131|1|Instrumenty smyczkowe|Nuty, książki, zeszyty nutowe|0|https://vignette.wikia.nocookie.net/james-camerons-avatar/images/4/4c/Brak_obrazka.jpg/revision/latest?cb=20110605102907&path-prefix=pl
140791|1|Orkiestra|Nuty, książki, zeszyty nutowe|0|https://vignette.wikia.nocookie.net/james-camerons-avatar/images/4/4c/Brak_obrazka.jpg/revision/latest?cb=20110605102907&path-prefix=pl
136147|1|Wydawnictwa muzyczne|Nuty, książki, zeszyty nutowe|0|https://vignette.wikia.nocookie.net/james-camerons-avatar/images/4/4c/Brak_obrazka.jpg/revision/latest?cb=20110605102907&path-prefix=pl
136148|1|Encyklopedie, leksykony, słowniki|Wydawnictwa muzyczne|0|https://vignette.wikia.nocookie.net/james-camerons-avatar/images/4/4c/Brak_obrazka.jpg/revision/latest?cb=20110605102907&path-prefix=pl
136150|1|Nauka o muzyce, podręczniki, tablice|Wydawnictwa muzyczne|0|https://vignette.wikia.nocookie.net/james-camerons-avatar/images/4/4c/Brak_obrazka.jpg/revision/latest?cb=20110605102907&path-prefix=pl
140820|1|Partytury|Wydawnictwa muzyczne|0|https://vignette.wikia.nocookie.net/james-camerons-avatar/images/4/4c/Brak_obrazka.jpg/revision/latest?cb=20110605102907&path-prefix=pl
136151|1|Tabele akordów|Wydawnictwa muzyczne|0|https://vignette.wikia.nocookie.net/james-camerons-avatar/images/4/4c/Brak_obrazka.jpg/revision/latest?cb=20110605102907&path-prefix=pl
136152|1|Zeszyty nutowe|Nuty, książki, zeszyty nutowe|0|https://vignette.wikia.nocookie.net/james-camerons-avatar/images/4/4c/Brak_obrazka.jpg/revision/latest?cb=20110605102907&path-prefix=pl
136144|1|Śpiew, solfeż, chór|Nuty, książki, zeszyty nutowe|0|https://vignette.wikia.nocookie.net/james-camerons-avatar/images/4/4c/Brak_obrazka.jpg/revision/latest?cb=20110605102907&path-prefix=pl
136145|1|Chór, głosy solo|Śpiew, solfeż, chór|0|https://vignette.wikia.nocookie.net/james-camerons-avatar/images/4/4c/Brak_obrazka.jpg/revision/latest?cb=20110605102907&path-prefix=pl
136186|1|Muzyka popularna|Śpiew, solfeż, chór|0|https://vignette.wikia.nocookie.net/james-camerons-avatar/images/4/4c/Brak_obrazka.jpg/revision/latest?cb=20110605102907&path-prefix=pl
136146|1|Nauka śpiewu, solfeż, kształcenie słuchu|Śpiew, solfeż, chór|0|https://vignette.wikia.nocookie.net/james-camerons-avatar/images/4/4c/Brak_obrazka.jpg/revision/latest?cb=20110605102907&path-prefix=pl
39|1|Oprogramowanie||0|https://vignette.wikia.nocookie.net/james-camerons-avatar/images/4/4c/Brak_obrazka.jpg/revision/latest?cb=20110605102907&path-prefix=pl
23|1|Oświetlenie, efekty dyskotekowe||0|https://vignette.wikia.nocookie.net/james-camerons-avatar/images/4/4c/Brak_obrazka.jpg/revision/latest?cb=20110605102907&path-prefix=pl
119596|1|Akcesoria oświetleniowe|Oświetlenie, efekty dyskotekowe|0|https://vignette.wikia.nocookie.net/james-camerons-avatar/images/4/4c/Brak_obrazka.jpg/revision/latest?cb=20110605102907&path-prefix=pl
140917|1|Dystrybutory mocy, zasilanie|Oświetlenie, efekty dyskotekowe|0|https://vignette.wikia.nocookie.net/james-camerons-avatar/images/4/4c/Brak_obrazka.jpg/revision/latest?cb=20110605102907&path-prefix=pl
121266|1|Efekty WASH LED, LEDBAR|Oświetlenie, efekty dyskotekowe|0|https://vignette.wikia.nocookie.net/james-camerons-avatar/images/4/4c/Brak_obrazka.jpg/revision/latest?cb=20110605102907&path-prefix=pl
131938|1|Efekty ruchome i głowice|Oświetlenie, efekty dyskotekowe|0|https://vignette.wikia.nocookie.net/james-camerons-avatar/images/4/4c/Brak_obrazka.jpg/revision/latest?cb=20110605102907&path-prefix=pl
119597|1|Efekty świetlne|Oświetlenie, efekty dyskotekowe|0|https://vignette.wikia.nocookie.net/james-camerons-avatar/images/4/4c/Brak_obrazka.jpg/revision/latest?cb=20110605102907&path-prefix=pl
131937|1|Efekty świetlne - skanery|Oświetlenie, efekty dyskotekowe|0|https://vignette.wikia.nocookie.net/james-camerons-avatar/images/4/4c/Brak_obrazka.jpg/revision/latest?cb=20110605102907&path-prefix=pl
119594|1|Filtry|Oświetlenie, efekty dyskotekowe|0|https://vignette.wikia.nocookie.net/james-camerons-avatar/images/4/4c/Brak_obrazka.jpg/revision/latest?cb=20110605102907&path-prefix=pl
131999|1|Kable DMX, przejściówki|Oświetlenie, efekty dyskotekowe|0|https://vignette.wikia.nocookie.net/james-camerons-avatar/images/4/4c/Brak_obrazka.jpg/revision/latest?cb=20110605102907&path-prefix=pl
119592|1|Kule lustrzane i silniki|Oświetlenie, efekty dyskotekowe|0|https://vignette.wikia.nocookie.net/james-camerons-avatar/images/4/4c/Brak_obrazka.jpg/revision/latest?cb=20110605102907&path-prefix=pl
139825|1|Kule lustrzane|Kule lustrzane i silniki|0|https://vignette.wikia.nocookie.net/james-camerons-avatar/images/4/4c/Brak_obrazka.jpg/revision/latest?cb=20110605102907&path-prefix=pl
139828|1|Reflektory - oświetlacze kul|Kule lustrzane i silniki|0|https://vignette.wikia.nocookie.net/james-camerons-avatar/images/4/4c/Brak_obrazka.jpg/revision/latest?cb=20110605102907&path-prefix=pl
139826|1|Silniki do kul|Kule lustrzane i silniki|0|https://vignette.wikia.nocookie.net/james-camerons-avatar/images/4/4c/Brak_obrazka.jpg/revision/latest?cb=20110605102907&path-prefix=pl
144521|1|LED - Architektura - IP65|Oświetlenie, efekty dyskotekowe|0|https://vignette.wikia.nocookie.net/james-camerons-avatar/images/4/4c/Brak_obrazka.jpg/revision/latest?cb=20110605102907&path-prefix=pl
119775|1|Lasery|Oświetlenie, efekty dyskotekowe|0|https://vignette.wikia.nocookie.net/james-camerons-avatar/images/4/4c/Brak_obrazka.jpg/revision/latest?cb=20110605102907&path-prefix=pl
147035|1|Matryce LED, ściany LED|Oświetlenie, efekty dyskotekowe|0|https://vignette.wikia.nocookie.net/james-camerons-avatar/images/4/4c/Brak_obrazka.jpg/revision/latest?cb=20110605102907&path-prefix=pl
119593|1|Pokrowce i futerały|Oświetlenie, efekty dyskotekowe|0|https://vignette.wikia.nocookie.net/james-camerons-avatar/images/4/4c/Brak_obrazka.jpg/revision/latest?cb=20110605102907&path-prefix=pl
128410|1|Projektory Logo, Gobo|Oświetlenie, efekty dyskotekowe|0|https://vignette.wikia.nocookie.net/james-camerons-avatar/images/4/4c/Brak_obrazka.jpg/revision/latest?cb=20110605102907&path-prefix=pl
119590|1|Reflektory|Oświetlenie, efekty dyskotekowe|0|https://vignette.wikia.nocookie.net/james-camerons-avatar/images/4/4c/Brak_obrazka.jpg/revision/latest?cb=20110605102907&path-prefix=pl
127352|1|Blindery, doświetlacze|Reflektory|0|https://vignette.wikia.nocookie.net/james-camerons-avatar/images/4/4c/Brak_obrazka.jpg/revision/latest?cb=20110605102907&path-prefix=pl
127347|1|Ramki, kratki, akcesoria|Reflektory|0|https://vignette.wikia.nocookie.net/james-camerons-avatar/images/4/4c/Brak_obrazka.jpg/revision/latest?cb=20110605102907&path-prefix=pl
139824|1|Reflektory LED i PARLED|Reflektory|0|https://vignette.wikia.nocookie.net/james-camerons-avatar/images/4/4c/Brak_obrazka.jpg/revision/latest?cb=20110605102907&path-prefix=pl
164335|1|Reflektory LED płaskie, FlatPAR, UpLight|Reflektory|0|https://vignette.wikia.nocookie.net/james-camerons-avatar/images/4/4c/Brak_obrazka.jpg/revision/latest?cb=20110605102907&path-prefix=pl
127350|1|Reflektory prowadzące, profilowe, spoty|Reflektory|0|https://vignette.wikia.nocookie.net/james-camerons-avatar/images/4/4c/Brak_obrazka.jpg/revision/latest?cb=20110605102907&path-prefix=pl
127349|1|Reflektory teatralne PC, Fresnel|Reflektory|0|https://vignette.wikia.nocookie.net/james-camerons-avatar/images/4/4c/Brak_obrazka.jpg/revision/latest?cb=20110605102907&path-prefix=pl
127348|1|Reflektory typu PAR|Reflektory|0|https://vignette.wikia.nocookie.net/james-camerons-avatar/images/4/4c/Brak_obrazka.jpg/revision/latest?cb=20110605102907&path-prefix=pl
127351|1|Skrzydełka - barndoor|Reflektory|0|https://vignette.wikia.nocookie.net/james-camerons-avatar/images/4/4c/Brak_obrazka.jpg/revision/latest?cb=20110605102907&path-prefix=pl
126505|1|Rzutniki w niebo|Oświetlenie, efekty dyskotekowe|0|https://vignette.wikia.nocookie.net/james-camerons-avatar/images/4/4c/Brak_obrazka.jpg/revision/latest?cb=20110605102907&path-prefix=pl
119595|1|Statywy, mocowania, haki|Oświetlenie, efekty dyskotekowe|0|https://vignette.wikia.nocookie.net/james-camerons-avatar/images/4/4c/Brak_obrazka.jpg/revision/latest?cb=20110605102907&path-prefix=pl
147300|1|Akcesoria, pokrowce|Statywy, mocowania, haki|0|https://vignette.wikia.nocookie.net/james-camerons-avatar/images/4/4c/Brak_obrazka.jpg/revision/latest?cb=20110605102907&path-prefix=pl
147296|1|Linki zabezpieczające|Statywy, mocowania, haki|0|https://vignette.wikia.nocookie.net/james-camerons-avatar/images/4/4c/Brak_obrazka.jpg/revision/latest?cb=20110605102907&path-prefix=pl
147299|1|Rampy, T-bary, belki|Statywy, mocowania, haki|0|https://vignette.wikia.nocookie.net/james-camerons-avatar/images/4/4c/Brak_obrazka.jpg/revision/latest?cb=20110605102907&path-prefix=pl
147295|1|Statywy, windy oświetleniowe|Statywy, mocowania, haki|0|https://vignette.wikia.nocookie.net/james-camerons-avatar/images/4/4c/Brak_obrazka.jpg/revision/latest?cb=20110605102907&path-prefix=pl
152955|1|Totemy, podstawy pod głowy|Statywy, mocowania, haki|0|https://vignette.wikia.nocookie.net/james-camerons-avatar/images/4/4c/Brak_obrazka.jpg/revision/latest?cb=20110605102907&path-prefix=pl
147297|1|Uchwyty, zawiesia, haki|Statywy, mocowania, haki|0|https://vignette.wikia.nocookie.net/james-camerons-avatar/images/4/4c/Brak_obrazka.jpg/revision/latest?cb=20110605102907&path-prefix=pl
147298|1|Zestawy 2 statywów z rampą|Statywy, mocowania, haki|0|https://vignette.wikia.nocookie.net/james-camerons-avatar/images/4/4c/Brak_obrazka.jpg/revision/latest?cb=20110605102907&path-prefix=pl
119591|1|Sterowniki|Oświetlenie, efekty dyskotekowe|0|https://vignette.wikia.nocookie.net/james-camerons-avatar/images/4/4c/Brak_obrazka.jpg/revision/latest?cb=20110605102907&path-prefix=pl
140280|1|Bezprzewodowy DMX|Sterowniki|0|https://vignette.wikia.nocookie.net/james-camerons-avatar/images/4/4c/Brak_obrazka.jpg/revision/latest?cb=20110605102907&path-prefix=pl
127069|1|Dimmery|Sterowniki|0|https://vignette.wikia.nocookie.net/james-camerons-avatar/images/4/4c/Brak_obrazka.jpg/revision/latest?cb=20110605102907&path-prefix=pl
127070|1|Sterowniki DMX|Sterowniki|0|https://vignette.wikia.nocookie.net/james-camerons-avatar/images/4/4c/Brak_obrazka.jpg/revision/latest?cb=20110605102907&path-prefix=pl
127071|1|Sterowniki pozostałe|Sterowniki|0|https://vignette.wikia.nocookie.net/james-camerons-avatar/images/4/4c/Brak_obrazka.jpg/revision/latest?cb=20110605102907&path-prefix=pl
119587|1|Stroboskopy|Oświetlenie, efekty dyskotekowe|0|https://vignette.wikia.nocookie.net/james-camerons-avatar/images/4/4c/Brak_obrazka.jpg/revision/latest?cb=20110605102907&path-prefix=pl
120838|1|Ultrafiolet|Oświetlenie, efekty dyskotekowe|0|https://vignette.wikia.nocookie.net/james-camerons-avatar/images/4/4c/Brak_obrazka.jpg/revision/latest?cb=20110605102907&path-prefix=pl
119588|1|Wytwornice, płyny|Oświetlenie, efekty dyskotekowe|0|https://vignette.wikia.nocookie.net/james-camerons-avatar/images/4/4c/Brak_obrazka.jpg/revision/latest?cb=20110605102907&path-prefix=pl
137851|1|Płyny|Wytwornice, płyny|0|https://vignette.wikia.nocookie.net/james-camerons-avatar/images/4/4c/Brak_obrazka.jpg/revision/latest?cb=20110605102907&path-prefix=pl
137850|1|Wytwornice dymu|Wytwornice, płyny|0|https://vignette.wikia.nocookie.net/james-camerons-avatar/images/4/4c/Brak_obrazka.jpg/revision/latest?cb=20110605102907&path-prefix=pl
135503|1|Zestawy oświetleniowe|Oświetlenie, efekty dyskotekowe|0|https://vignette.wikia.nocookie.net/james-camerons-avatar/images/4/4c/Brak_obrazka.jpg/revision/latest?cb=20110605102907&path-prefix=pl
119589|1|Żarówki, lampy|Oświetlenie, efekty dyskotekowe|0|https://vignette.wikia.nocookie.net/james-camerons-avatar/images/4/4c/Brak_obrazka.jpg/revision/latest?cb=20110605102907&path-prefix=pl
141197|1|Do aparatów teatralnych|Żarówki, lampy|0|https://vignette.wikia.nocookie.net/james-camerons-avatar/images/4/4c/Brak_obrazka.jpg/revision/latest?cb=20110605102907&path-prefix=pl
141029|1|Lampy wyładowcze|Żarówki, lampy|0|https://vignette.wikia.nocookie.net/james-camerons-avatar/images/4/4c/Brak_obrazka.jpg/revision/latest?cb=20110605102907&path-prefix=pl
141201|1|Oprawki, gniazda żarówek|Żarówki, lampy|0|https://vignette.wikia.nocookie.net/james-camerons-avatar/images/4/4c/Brak_obrazka.jpg/revision/latest?cb=20110605102907&path-prefix=pl
141031|1|Palniki do strobo|Żarówki, lampy|0|https://vignette.wikia.nocookie.net/james-camerons-avatar/images/4/4c/Brak_obrazka.jpg/revision/latest?cb=20110605102907&path-prefix=pl
141032|1|Ultraviolet - źródła światła|Żarówki, lampy|0|https://vignette.wikia.nocookie.net/james-camerons-avatar/images/4/4c/Brak_obrazka.jpg/revision/latest?cb=20110605102907&path-prefix=pl
141028|1|Źródła światła LED|Żarówki, lampy|0|https://vignette.wikia.nocookie.net/james-camerons-avatar/images/4/4c/Brak_obrazka.jpg/revision/latest?cb=20110605102907&path-prefix=pl
141027|1|Żarówki do reflektorów PAR|Żarówki, lampy|0|https://vignette.wikia.nocookie.net/james-camerons-avatar/images/4/4c/Brak_obrazka.jpg/revision/latest?cb=20110605102907&path-prefix=pl
141030|1|Żarówki, halogeny|Żarówki, lampy|0|https://vignette.wikia.nocookie.net/james-camerons-avatar/images/4/4c/Brak_obrazka.jpg/revision/latest?cb=20110605102907&path-prefix=pl
119564|1|Pulpity, batuty, lampki||0|https://vignette.wikia.nocookie.net/james-camerons-avatar/images/4/4c/Brak_obrazka.jpg/revision/latest?cb=20110605102907&path-prefix=pl
119565|1|Batuty, buławy|Pulpity, batuty, lampki|0|https://vignette.wikia.nocookie.net/james-camerons-avatar/images/4/4c/Brak_obrazka.jpg/revision/latest?cb=20110605102907&path-prefix=pl
119566|1|Lampki do pulpitów|Pulpity, batuty, lampki|0|https://vignette.wikia.nocookie.net/james-camerons-avatar/images/4/4c/Brak_obrazka.jpg/revision/latest?cb=20110605102907&path-prefix=pl
120181|1|Pulpity do nut|Pulpity, batuty, lampki|0|https://vignette.wikia.nocookie.net/james-camerons-avatar/images/4/4c/Brak_obrazka.jpg/revision/latest?cb=20110605102907&path-prefix=pl
9|1|Serwis (części serwisowe)||0|https://vignette.wikia.nocookie.net/james-camerons-avatar/images/4/4c/Brak_obrazka.jpg/revision/latest?cb=20110605102907&path-prefix=pl
131884|1|Akcesoria (różne)|Serwis (części serwisowe)|0|https://vignette.wikia.nocookie.net/james-camerons-avatar/images/4/4c/Brak_obrazka.jpg/revision/latest?cb=20110605102907&path-prefix=pl
131880|1|Elementy do instr. dętych|Serwis (części serwisowe)|0|https://vignette.wikia.nocookie.net/james-camerons-avatar/images/4/4c/Brak_obrazka.jpg/revision/latest?cb=20110605102907&path-prefix=pl
131901|1|Elementy do mikrofonów|Serwis (części serwisowe)|0|https://vignette.wikia.nocookie.net/james-camerons-avatar/images/4/4c/Brak_obrazka.jpg/revision/latest?cb=20110605102907&path-prefix=pl
131621|1|Elementy elektroniczne|Serwis (części serwisowe)|0|https://vignette.wikia.nocookie.net/james-camerons-avatar/images/4/4c/Brak_obrazka.jpg/revision/latest?cb=20110605102907&path-prefix=pl
131882|1|Elementy gitarowe|Serwis (części serwisowe)|0|https://vignette.wikia.nocookie.net/james-camerons-avatar/images/4/4c/Brak_obrazka.jpg/revision/latest?cb=20110605102907&path-prefix=pl
131902|1|Elementy mechaniczne|Serwis (części serwisowe)|0|https://vignette.wikia.nocookie.net/james-camerons-avatar/images/4/4c/Brak_obrazka.jpg/revision/latest?cb=20110605102907&path-prefix=pl
131624|1|Elementy perkusyjne|Serwis (części serwisowe)|0|https://vignette.wikia.nocookie.net/james-camerons-avatar/images/4/4c/Brak_obrazka.jpg/revision/latest?cb=20110605102907&path-prefix=pl
131615|1|Gałki i przyciski|Serwis (części serwisowe)|0|https://vignette.wikia.nocookie.net/james-camerons-avatar/images/4/4c/Brak_obrazka.jpg/revision/latest?cb=20110605102907&path-prefix=pl
131616|1|Gumki|Serwis (części serwisowe)|0|https://vignette.wikia.nocookie.net/james-camerons-avatar/images/4/4c/Brak_obrazka.jpg/revision/latest?cb=20110605102907&path-prefix=pl
131618|1|Głośniki i elementy głośnikowe|Serwis (części serwisowe)|0|https://vignette.wikia.nocookie.net/james-camerons-avatar/images/4/4c/Brak_obrazka.jpg/revision/latest?cb=20110605102907&path-prefix=pl
131617|1|Klawisze i elementy do klawiatury|Serwis (części serwisowe)|0|https://vignette.wikia.nocookie.net/james-camerons-avatar/images/4/4c/Brak_obrazka.jpg/revision/latest?cb=20110605102907&path-prefix=pl
131619|1|Moduły elektroniczne|Serwis (części serwisowe)|0|https://vignette.wikia.nocookie.net/james-camerons-avatar/images/4/4c/Brak_obrazka.jpg/revision/latest?cb=20110605102907&path-prefix=pl
131622|1|Obudowy i elementy obudów|Serwis (części serwisowe)|0|https://vignette.wikia.nocookie.net/james-camerons-avatar/images/4/4c/Brak_obrazka.jpg/revision/latest?cb=20110605102907&path-prefix=pl
131881|1|Piloty|Serwis (części serwisowe)|0|https://vignette.wikia.nocookie.net/james-camerons-avatar/images/4/4c/Brak_obrazka.jpg/revision/latest?cb=20110605102907&path-prefix=pl
131614|1|Potencjometry suwakowe, obrotowe|Serwis (części serwisowe)|0|https://vignette.wikia.nocookie.net/james-camerons-avatar/images/4/4c/Brak_obrazka.jpg/revision/latest?cb=20110605102907&path-prefix=pl
131883|1|Wentylatory|Serwis (części serwisowe)|0|https://vignette.wikia.nocookie.net/james-camerons-avatar/images/4/4c/Brak_obrazka.jpg/revision/latest?cb=20110605102907&path-prefix=pl
131620|1|Wyświetlacze|Serwis (części serwisowe)|0|https://vignette.wikia.nocookie.net/james-camerons-avatar/images/4/4c/Brak_obrazka.jpg/revision/latest?cb=20110605102907&path-prefix=pl
131623|1|Złącza, gniazda, śruby|Serwis (części serwisowe)|0|https://vignette.wikia.nocookie.net/james-camerons-avatar/images/4/4c/Brak_obrazka.jpg/revision/latest?cb=20110605102907&path-prefix=pl
31|1|Sprzęt nagłośnieniowy||0|https://vignette.wikia.nocookie.net/james-camerons-avatar/images/4/4c/Brak_obrazka.jpg/revision/latest?cb=20110605102907&path-prefix=pl
134447|1|Cyfrowe systemy transmisji dźwięku|Sprzęt nagłośnieniowy|0|https://vignette.wikia.nocookie.net/james-camerons-avatar/images/4/4c/Brak_obrazka.jpg/revision/latest?cb=20110605102907&path-prefix=pl
119740|1|Di-boxy, splittery, krosownice|Sprzęt nagłośnieniowy|0|https://vignette.wikia.nocookie.net/james-camerons-avatar/images/4/4c/Brak_obrazka.jpg/revision/latest?cb=20110605102907&path-prefix=pl
134448|1|Di-boxy, separatory|Di-boxy, splittery, krosownice|0|https://vignette.wikia.nocookie.net/james-camerons-avatar/images/4/4c/Brak_obrazka.jpg/revision/latest?cb=20110605102907&path-prefix=pl
134449|1|Splittery, krosownice, sumatory|Di-boxy, splittery, krosownice|0|https://vignette.wikia.nocookie.net/james-camerons-avatar/images/4/4c/Brak_obrazka.jpg/revision/latest?cb=20110605102907&path-prefix=pl
140918|1|Dystrybutory mocy, zasilanie|Sprzęt nagłośnieniowy|0|https://vignette.wikia.nocookie.net/james-camerons-avatar/images/4/4c/Brak_obrazka.jpg/revision/latest?cb=20110605102907&path-prefix=pl
134456|1|Konwertery cyfrowe|Sprzęt nagłośnieniowy|0|https://vignette.wikia.nocookie.net/james-camerons-avatar/images/4/4c/Brak_obrazka.jpg/revision/latest?cb=20110605102907&path-prefix=pl
119605|1|Mikrofony i akcesoria|Sprzęt nagłośnieniowy|0|https://vignette.wikia.nocookie.net/james-camerons-avatar/images/4/4c/Brak_obrazka.jpg/revision/latest?cb=20110605102907&path-prefix=pl
139835|1|Do kamery, Shotgun|Mikrofony i akcesoria|0|https://vignette.wikia.nocookie.net/james-camerons-avatar/images/4/4c/Brak_obrazka.jpg/revision/latest?cb=20110605102907&path-prefix=pl
139837|1|Inne|Mikrofony i akcesoria|0|https://vignette.wikia.nocookie.net/james-camerons-avatar/images/4/4c/Brak_obrazka.jpg/revision/latest?cb=20110605102907&path-prefix=pl
119607|1|Instrumentalne|Mikrofony i akcesoria|0|https://vignette.wikia.nocookie.net/james-camerons-avatar/images/4/4c/Brak_obrazka.jpg/revision/latest?cb=20110605102907&path-prefix=pl
139836|1|Do perkusji|Instrumentalne|0|https://vignette.wikia.nocookie.net/james-camerons-avatar/images/4/4c/Brak_obrazka.jpg/revision/latest?cb=20110605102907&path-prefix=pl
139827|1|Dynamiczne|Instrumentalne|0|https://vignette.wikia.nocookie.net/james-camerons-avatar/images/4/4c/Brak_obrazka.jpg/revision/latest?cb=20110605102907&path-prefix=pl
139829|1|Pojemnościowe małomembranowe|Instrumentalne|0|https://vignette.wikia.nocookie.net/james-camerons-avatar/images/4/4c/Brak_obrazka.jpg/revision/latest?cb=20110605102907&path-prefix=pl
139832|1|Nagłowne, Lavalier|Mikrofony i akcesoria|0|https://vignette.wikia.nocookie.net/james-camerons-avatar/images/4/4c/Brak_obrazka.jpg/revision/latest?cb=20110605102907&path-prefix=pl
119608|1|Uchwyty mikrofonowe, akcesoria|Mikrofony i akcesoria|0|https://vignette.wikia.nocookie.net/james-camerons-avatar/images/4/4c/Brak_obrazka.jpg/revision/latest?cb=20110605102907&path-prefix=pl
139819|1|Wokalne|Mikrofony i akcesoria|0|https://vignette.wikia.nocookie.net/james-camerons-avatar/images/4/4c/Brak_obrazka.jpg/revision/latest?cb=20110605102907&path-prefix=pl
139820|1|Dynamiczne|Wokalne|0|https://vignette.wikia.nocookie.net/james-camerons-avatar/images/4/4c/Brak_obrazka.jpg/revision/latest?cb=20110605102907&path-prefix=pl
139821|1|Pojemnościowe|Wokalne|0|https://vignette.wikia.nocookie.net/james-camerons-avatar/images/4/4c/Brak_obrazka.jpg/revision/latest?cb=20110605102907&path-prefix=pl
119609|1|Miksery i powermiksery|Sprzęt nagłośnieniowy|0|https://vignette.wikia.nocookie.net/james-camerons-avatar/images/4/4c/Brak_obrazka.jpg/revision/latest?cb=20110605102907&path-prefix=pl
119610|1|Miksery analogowe|Miksery i powermiksery|0|https://vignette.wikia.nocookie.net/james-camerons-avatar/images/4/4c/Brak_obrazka.jpg/revision/latest?cb=20110605102907&path-prefix=pl
119611|1|Miksery cyfrowe, karty rozszerzeń|Miksery i powermiksery|0|https://vignette.wikia.nocookie.net/james-camerons-avatar/images/4/4c/Brak_obrazka.jpg/revision/latest?cb=20110605102907&path-prefix=pl
119612|1|Powermiksery|Miksery i powermiksery|0|https://vignette.wikia.nocookie.net/james-camerons-avatar/images/4/4c/Brak_obrazka.jpg/revision/latest?cb=20110605102907&path-prefix=pl
119915|1|Narzędzia i materiały|Sprzęt nagłośnieniowy|0|https://vignette.wikia.nocookie.net/james-camerons-avatar/images/4/4c/Brak_obrazka.jpg/revision/latest?cb=20110605102907&path-prefix=pl
169973|1|Ochrona słuchu, zatyczki|Sprzęt nagłośnieniowy|0|https://vignette.wikia.nocookie.net/james-camerons-avatar/images/4/4c/Brak_obrazka.jpg/revision/latest?cb=20110605102907&path-prefix=pl
119603|1|Pokrowce, skrzynie transportowe|Sprzęt nagłośnieniowy|0|https://vignette.wikia.nocookie.net/james-camerons-avatar/images/4/4c/Brak_obrazka.jpg/revision/latest?cb=20110605102907&path-prefix=pl
135276|1|Pokrowce|Pokrowce, skrzynie transportowe|0|https://vignette.wikia.nocookie.net/james-camerons-avatar/images/4/4c/Brak_obrazka.jpg/revision/latest?cb=20110605102907&path-prefix=pl
135280|1|Skrzynie na konsolety mikserskie|Pokrowce, skrzynie transportowe|0|https://vignette.wikia.nocookie.net/james-camerons-avatar/images/4/4c/Brak_obrazka.jpg/revision/latest?cb=20110605102907&path-prefix=pl
135277|1|Skrzynie transportowe|Pokrowce, skrzynie transportowe|0|https://vignette.wikia.nocookie.net/james-camerons-avatar/images/4/4c/Brak_obrazka.jpg/revision/latest?cb=20110605102907&path-prefix=pl
135278|1|Skrzynie typu rack|Pokrowce, skrzynie transportowe|0|https://vignette.wikia.nocookie.net/james-camerons-avatar/images/4/4c/Brak_obrazka.jpg/revision/latest?cb=20110605102907&path-prefix=pl
119604|1|Pozostałe PA|Sprzęt nagłośnieniowy|0|https://vignette.wikia.nocookie.net/james-camerons-avatar/images/4/4c/Brak_obrazka.jpg/revision/latest?cb=20110605102907&path-prefix=pl
119614|1|Procesory, efekty|Sprzęt nagłośnieniowy|0|https://vignette.wikia.nocookie.net/james-camerons-avatar/images/4/4c/Brak_obrazka.jpg/revision/latest?cb=20110605102907&path-prefix=pl
134454|1|Korektory, eliminatory sprzężeń|Procesory, efekty|0|https://vignette.wikia.nocookie.net/james-camerons-avatar/images/4/4c/Brak_obrazka.jpg/revision/latest?cb=20110605102907&path-prefix=pl
134452|1|Procesory dynamiki|Procesory, efekty|0|https://vignette.wikia.nocookie.net/james-camerons-avatar/images/4/4c/Brak_obrazka.jpg/revision/latest?cb=20110605102907&path-prefix=pl
134451|1|Procesory efektowe|Procesory, efekty|0|https://vignette.wikia.nocookie.net/james-camerons-avatar/images/4/4c/Brak_obrazka.jpg/revision/latest?cb=20110605102907&path-prefix=pl
134450|1|Procesory głośnikowe, zwrotnice|Procesory, efekty|0|https://vignette.wikia.nocookie.net/james-camerons-avatar/images/4/4c/Brak_obrazka.jpg/revision/latest?cb=20110605102907&path-prefix=pl
134455|1|Procesory wielozadaniowe|Procesory, efekty|0|https://vignette.wikia.nocookie.net/james-camerons-avatar/images/4/4c/Brak_obrazka.jpg/revision/latest?cb=20110605102907&path-prefix=pl
134453|1|Procesory wokalowe, harmonizery|Procesory, efekty|0|https://vignette.wikia.nocookie.net/james-camerons-avatar/images/4/4c/Brak_obrazka.jpg/revision/latest?cb=20110605102907&path-prefix=pl
119615|1|Przedwzmacniacze|Sprzęt nagłośnieniowy|0|https://vignette.wikia.nocookie.net/james-camerons-avatar/images/4/4c/Brak_obrazka.jpg/revision/latest?cb=20110605102907&path-prefix=pl
119616|1|Rejestratory i odtwarzacze audio, video|Sprzęt nagłośnieniowy|0|https://vignette.wikia.nocookie.net/james-camerons-avatar/images/4/4c/Brak_obrazka.jpg/revision/latest?cb=20110605102907&path-prefix=pl
119617|1|Statywy|Sprzęt nagłośnieniowy|0|https://vignette.wikia.nocookie.net/james-camerons-avatar/images/4/4c/Brak_obrazka.jpg/revision/latest?cb=20110605102907&path-prefix=pl
119790|1|Pozostałe statywy|Statywy|0|https://vignette.wikia.nocookie.net/james-camerons-avatar/images/4/4c/Brak_obrazka.jpg/revision/latest?cb=20110605102907&path-prefix=pl
119619|1|Statywy kolumnowe|Statywy|0|https://vignette.wikia.nocookie.net/james-camerons-avatar/images/4/4c/Brak_obrazka.jpg/revision/latest?cb=20110605102907&path-prefix=pl
119618|1|Statywy mikrofonowe|Statywy|0|https://vignette.wikia.nocookie.net/james-camerons-avatar/images/4/4c/Brak_obrazka.jpg/revision/latest?cb=20110605102907&path-prefix=pl
144480|1|Systemy bezprzewodowe|Sprzęt nagłośnieniowy|0|https://vignette.wikia.nocookie.net/james-camerons-avatar/images/4/4c/Brak_obrazka.jpg/revision/latest?cb=20110605102907&path-prefix=pl
144557|1|Komponenty systemów bezprzewodowych|Systemy bezprzewodowe|0|https://vignette.wikia.nocookie.net/james-camerons-avatar/images/4/4c/Brak_obrazka.jpg/revision/latest?cb=20110605102907&path-prefix=pl
144485|1|Odsłuchy bezprzewodowe|Systemy bezprzewodowe|0|https://vignette.wikia.nocookie.net/james-camerons-avatar/images/4/4c/Brak_obrazka.jpg/revision/latest?cb=20110605102907&path-prefix=pl
144482|1|Zest. z mikrofonem nagłownym i lavalier|Systemy bezprzewodowe|0|https://vignette.wikia.nocookie.net/james-camerons-avatar/images/4/4c/Brak_obrazka.jpg/revision/latest?cb=20110605102907&path-prefix=pl
144484|1|Zestawy do kamery|Systemy bezprzewodowe|0|https://vignette.wikia.nocookie.net/james-camerons-avatar/images/4/4c/Brak_obrazka.jpg/revision/latest?cb=20110605102907&path-prefix=pl
144483|1|Zestawy instrumentalne|Systemy bezprzewodowe|0|https://vignette.wikia.nocookie.net/james-camerons-avatar/images/4/4c/Brak_obrazka.jpg/revision/latest?cb=20110605102907&path-prefix=pl
144481|1|Zestawy z mikrofonem doręcznym|Systemy bezprzewodowe|0|https://vignette.wikia.nocookie.net/james-camerons-avatar/images/4/4c/Brak_obrazka.jpg/revision/latest?cb=20110605102907&path-prefix=pl
127521|1|Systemy interkomowe|Sprzęt nagłośnieniowy|0|https://vignette.wikia.nocookie.net/james-camerons-avatar/images/4/4c/Brak_obrazka.jpg/revision/latest?cb=20110605102907&path-prefix=pl
119620|1|Systemy konferencyjne|Sprzęt nagłośnieniowy|0|https://vignette.wikia.nocookie.net/james-camerons-avatar/images/4/4c/Brak_obrazka.jpg/revision/latest?cb=20110605102907&path-prefix=pl
119627|1|Szafy sprzętowe, panele rack|Sprzęt nagłośnieniowy|0|https://vignette.wikia.nocookie.net/james-camerons-avatar/images/4/4c/Brak_obrazka.jpg/revision/latest?cb=20110605102907&path-prefix=pl
120182|1|Ustroje akustyczne|Sprzęt nagłośnieniowy|0|https://vignette.wikia.nocookie.net/james-camerons-avatar/images/4/4c/Brak_obrazka.jpg/revision/latest?cb=20110605102907&path-prefix=pl
119622|1|Wzmacniacze mocy|Sprzęt nagłośnieniowy|0|https://vignette.wikia.nocookie.net/james-camerons-avatar/images/4/4c/Brak_obrazka.jpg/revision/latest?cb=20110605102907&path-prefix=pl
123071|1|Wzmacniacze słuchawkowe|Sprzęt nagłośnieniowy|0|https://vignette.wikia.nocookie.net/james-camerons-avatar/images/4/4c/Brak_obrazka.jpg/revision/latest?cb=20110605102907&path-prefix=pl
119623|1|Zestawy głośnikowe|Sprzęt nagłośnieniowy|0|https://vignette.wikia.nocookie.net/james-camerons-avatar/images/4/4c/Brak_obrazka.jpg/revision/latest?cb=20110605102907&path-prefix=pl
119624|1|Aktywne|Zestawy głośnikowe|0|https://vignette.wikia.nocookie.net/james-camerons-avatar/images/4/4c/Brak_obrazka.jpg/revision/latest?cb=20110605102907&path-prefix=pl
132758|1|Instalacyjne, 100V|Zestawy głośnikowe|0|https://vignette.wikia.nocookie.net/james-camerons-avatar/images/4/4c/Brak_obrazka.jpg/revision/latest?cb=20110605102907&path-prefix=pl
147100|1|Niskotonowe aktywne|Zestawy głośnikowe|0|https://vignette.wikia.nocookie.net/james-camerons-avatar/images/4/4c/Brak_obrazka.jpg/revision/latest?cb=20110605102907&path-prefix=pl
147101|1|Niskotonowe pasywne|Zestawy głośnikowe|0|https://vignette.wikia.nocookie.net/james-camerons-avatar/images/4/4c/Brak_obrazka.jpg/revision/latest?cb=20110605102907&path-prefix=pl
119625|1|Pasywne|Zestawy głośnikowe|0|https://vignette.wikia.nocookie.net/james-camerons-avatar/images/4/4c/Brak_obrazka.jpg/revision/latest?cb=20110605102907&path-prefix=pl
132759|1|Samochodowe|Zestawy głośnikowe|0|https://vignette.wikia.nocookie.net/james-camerons-avatar/images/4/4c/Brak_obrazka.jpg/revision/latest?cb=20110605102907&path-prefix=pl
119626|1|Zestawy nagłośnieniowe|Sprzęt nagłośnieniowy|0|https://vignette.wikia.nocookie.net/james-camerons-avatar/images/4/4c/Brak_obrazka.jpg/revision/latest?cb=20110605102907&path-prefix=pl
135509|1|Sprzęt studyjny, Homerecording||0|https://vignette.wikia.nocookie.net/james-camerons-avatar/images/4/4c/Brak_obrazka.jpg/revision/latest?cb=20110605102907&path-prefix=pl
135511|1|Karty dźwiękowe, interfejsy|Sprzęt studyjny, Homerecording|0|https://vignette.wikia.nocookie.net/james-camerons-avatar/images/4/4c/Brak_obrazka.jpg/revision/latest?cb=20110605102907&path-prefix=pl
139909|1|PCI Express|Karty dźwiękowe, interfejsy|0|https://vignette.wikia.nocookie.net/james-camerons-avatar/images/4/4c/Brak_obrazka.jpg/revision/latest?cb=20110605102907&path-prefix=pl
139907|1|Thunderbolt, FireWire|Karty dźwiękowe, interfejsy|0|https://vignette.wikia.nocookie.net/james-camerons-avatar/images/4/4c/Brak_obrazka.jpg/revision/latest?cb=20110605102907&path-prefix=pl
139906|1|USB|Karty dźwiękowe, interfejsy|0|https://vignette.wikia.nocookie.net/james-camerons-avatar/images/4/4c/Brak_obrazka.jpg/revision/latest?cb=20110605102907&path-prefix=pl
139796|1|Klawiatury sterujące, MIDI|Sprzęt studyjny, Homerecording|0|https://vignette.wikia.nocookie.net/james-camerons-avatar/images/4/4c/Brak_obrazka.jpg/revision/latest?cb=20110605102907&path-prefix=pl
154525|1|Kontrolery, pady, samplery|Sprzęt studyjny, Homerecording|0|https://vignette.wikia.nocookie.net/james-camerons-avatar/images/4/4c/Brak_obrazka.jpg/revision/latest?cb=20110605102907&path-prefix=pl
135513|1|Mikrofony|Sprzęt studyjny, Homerecording|0|https://vignette.wikia.nocookie.net/james-camerons-avatar/images/4/4c/Brak_obrazka.jpg/revision/latest?cb=20110605102907&path-prefix=pl
139807|1|Instrumentalne|Mikrofony|0|https://vignette.wikia.nocookie.net/james-camerons-avatar/images/4/4c/Brak_obrazka.jpg/revision/latest?cb=20110605102907&path-prefix=pl
139904|1|Dynamiczne|Instrumentalne|0|https://vignette.wikia.nocookie.net/james-camerons-avatar/images/4/4c/Brak_obrazka.jpg/revision/latest?cb=20110605102907&path-prefix=pl
139805|1|Pojemnościowe małomebranowe|Mikrofony|0|https://vignette.wikia.nocookie.net/james-camerons-avatar/images/4/4c/Brak_obrazka.jpg/revision/latest?cb=20110605102907&path-prefix=pl
139804|1|Pojemnościowe wielkomembranowe|Mikrofony|0|https://vignette.wikia.nocookie.net/james-camerons-avatar/images/4/4c/Brak_obrazka.jpg/revision/latest?cb=20110605102907&path-prefix=pl
139810|1|USB|Mikrofony|0|https://vignette.wikia.nocookie.net/james-camerons-avatar/images/4/4c/Brak_obrazka.jpg/revision/latest?cb=20110605102907&path-prefix=pl
139808|1|Wstęgowe|Mikrofony|0|https://vignette.wikia.nocookie.net/james-camerons-avatar/images/4/4c/Brak_obrazka.jpg/revision/latest?cb=20110605102907&path-prefix=pl
135510|1|Monitory studyjne|Sprzęt studyjny, Homerecording|0|https://vignette.wikia.nocookie.net/james-camerons-avatar/images/4/4c/Brak_obrazka.jpg/revision/latest?cb=20110605102907&path-prefix=pl
139799|1|Oprogramowanie|Sprzęt studyjny, Homerecording|0|https://vignette.wikia.nocookie.net/james-camerons-avatar/images/4/4c/Brak_obrazka.jpg/revision/latest?cb=20110605102907&path-prefix=pl
139786|1|Przedwzmacniacze|Sprzęt studyjny, Homerecording|0|https://vignette.wikia.nocookie.net/james-camerons-avatar/images/4/4c/Brak_obrazka.jpg/revision/latest?cb=20110605102907&path-prefix=pl
38|1|Słuchawki i akcesoria||0|https://vignette.wikia.nocookie.net/james-camerons-avatar/images/4/4c/Brak_obrazka.jpg/revision/latest?cb=20110605102907&path-prefix=pl
138270|1|Akcesoria|Słuchawki i akcesoria|0|https://vignette.wikia.nocookie.net/james-camerons-avatar/images/4/4c/Brak_obrazka.jpg/revision/latest?cb=20110605102907&path-prefix=pl
144220|1|Słuchawki DJ|Słuchawki i akcesoria|0|https://vignette.wikia.nocookie.net/james-camerons-avatar/images/4/4c/Brak_obrazka.jpg/revision/latest?cb=20110605102907&path-prefix=pl
143532|1|Słuchawki Hi-Fi|Słuchawki i akcesoria|0|https://vignette.wikia.nocookie.net/james-camerons-avatar/images/4/4c/Brak_obrazka.jpg/revision/latest?cb=20110605102907&path-prefix=pl
144372|1|Słuchawki do zestawów bezprzewodowych|Słuchawki i akcesoria|0|https://vignette.wikia.nocookie.net/james-camerons-avatar/images/4/4c/Brak_obrazka.jpg/revision/latest?cb=20110605102907&path-prefix=pl
138271|1|Słuchawki studyjne|Słuchawki i akcesoria|0|https://vignette.wikia.nocookie.net/james-camerons-avatar/images/4/4c/Brak_obrazka.jpg/revision/latest?cb=20110605102907&path-prefix=pl
144423|1|Słuchawki otwarte|Słuchawki studyjne|0|https://vignette.wikia.nocookie.net/james-camerons-avatar/images/4/4c/Brak_obrazka.jpg/revision/latest?cb=20110605102907&path-prefix=pl
144424|1|Słuchawki zamknięte|Słuchawki studyjne|0|https://vignette.wikia.nocookie.net/james-camerons-avatar/images/4/4c/Brak_obrazka.jpg/revision/latest?cb=20110605102907&path-prefix=pl
119545|1|Zasilacze||0|https://vignette.wikia.nocookie.net/james-camerons-avatar/images/4/4c/Brak_obrazka.jpg/revision/latest?cb=20110605102907&path-prefix=pl
48|1|Złącza||0|https://vignette.wikia.nocookie.net/james-camerons-avatar/images/4/4c/Brak_obrazka.jpg/revision/latest?cb=20110605102907&path-prefix=pl
121226|1|BNC|Złącza|0|https://vignette.wikia.nocookie.net/james-camerons-avatar/images/4/4c/Brak_obrazka.jpg/revision/latest?cb=20110605102907&path-prefix=pl
121229|1|Jacki|Złącza|0|https://vignette.wikia.nocookie.net/james-camerons-avatar/images/4/4c/Brak_obrazka.jpg/revision/latest?cb=20110605102907&path-prefix=pl
134440|1|Jacki TRS (stereo)|Jacki|0|https://vignette.wikia.nocookie.net/james-camerons-avatar/images/4/4c/Brak_obrazka.jpg/revision/latest?cb=20110605102907&path-prefix=pl
134439|1|Jacki TS (mono)|Jacki|0|https://vignette.wikia.nocookie.net/james-camerons-avatar/images/4/4c/Brak_obrazka.jpg/revision/latest?cb=20110605102907&path-prefix=pl
134441|1|Jacki mini TRS (3,5 mm)|Jacki|0|https://vignette.wikia.nocookie.net/james-camerons-avatar/images/4/4c/Brak_obrazka.jpg/revision/latest?cb=20110605102907&path-prefix=pl
134442|1|Jacki tablicowe, do PCB, gniazda|Jacki|0|https://vignette.wikia.nocookie.net/james-camerons-avatar/images/4/4c/Brak_obrazka.jpg/revision/latest?cb=20110605102907&path-prefix=pl
121231|1|Powercon|Złącza|0|https://vignette.wikia.nocookie.net/james-camerons-avatar/images/4/4c/Brak_obrazka.jpg/revision/latest?cb=20110605102907&path-prefix=pl
121228|1|Pozostałe|Złącza|0|https://vignette.wikia.nocookie.net/james-camerons-avatar/images/4/4c/Brak_obrazka.jpg/revision/latest?cb=20110605102907&path-prefix=pl
121232|1|Przejściówki|Złącza|0|https://vignette.wikia.nocookie.net/james-camerons-avatar/images/4/4c/Brak_obrazka.jpg/revision/latest?cb=20110605102907&path-prefix=pl
121233|1|RJ|Złącza|0|https://vignette.wikia.nocookie.net/james-camerons-avatar/images/4/4c/Brak_obrazka.jpg/revision/latest?cb=20110605102907&path-prefix=pl
121234|1|Speakon|Złącza|0|https://vignette.wikia.nocookie.net/james-camerons-avatar/images/4/4c/Brak_obrazka.jpg/revision/latest?cb=20110605102907&path-prefix=pl
121236|1|XLR męskie|Złącza|0|https://vignette.wikia.nocookie.net/james-camerons-avatar/images/4/4c/Brak_obrazka.jpg/revision/latest?cb=20110605102907&path-prefix=pl
134437|1|XLR męskie do PCB|XLR męskie|0|https://vignette.wikia.nocookie.net/james-camerons-avatar/images/4/4c/Brak_obrazka.jpg/revision/latest?cb=20110605102907&path-prefix=pl
134436|1|XLR męskie nakablowe|XLR męskie|0|https://vignette.wikia.nocookie.net/james-camerons-avatar/images/4/4c/Brak_obrazka.jpg/revision/latest?cb=20110605102907&path-prefix=pl
134438|1|XLR męskie tablicowe|XLR męskie|0|https://vignette.wikia.nocookie.net/james-camerons-avatar/images/4/4c/Brak_obrazka.jpg/revision/latest?cb=20110605102907&path-prefix=pl
121235|1|XLR żeńskie|Złącza|0|https://vignette.wikia.nocookie.net/james-camerons-avatar/images/4/4c/Brak_obrazka.jpg/revision/latest?cb=20110605102907&path-prefix=pl
134435|1|XLR żeńskie do PCB|XLR żeńskie|0|https://vignette.wikia.nocookie.net/james-camerons-avatar/images/4/4c/Brak_obrazka.jpg/revision/latest?cb=20110605102907&path-prefix=pl
134433|1|XLR żeńskie nakablowe|XLR żeńskie|0|https://vignette.wikia.nocookie.net/james-camerons-avatar/images/4/4c/Brak_obrazka.jpg/revision/latest?cb=20110605102907&path-prefix=pl
134434|1|XLR żeńskie tablicowe|XLR żeńskie|0|https://vignette.wikia.nocookie.net/james-camerons-avatar/images/4/4c/Brak_obrazka.jpg/revision/latest?cb=20110605102907&path-prefix=pl
121230|1|Złącza multicore|Złącza|0|https://vignette.wikia.nocookie.net/james-camerons-avatar/images/4/4c/Brak_obrazka.jpg/revision/latest?cb=20110605102907&path-prefix=pl
121237|1|Złącza sieciowe 230V|Złącza|0|https://vignette.wikia.nocookie.net/james-camerons-avatar/images/4/4c/Brak_obrazka.jpg/revision/latest?cb=20110605102907&path-prefix=pl
