0|1|wszystkie kategorie||0||||||
170362|1|Pozostałe, różne|Kable, przewody|0||||||
10|1|Dee Jay||0||||||
119546|1|Akcesoria|Słuchawki i akcesoria|0||||||
119561|1|Segregatory na płyty|Akcesoria|0||||||
119563|1|Slipmaty|Akcesoria|0||||||
119560|1|Stanowiska DJ|Akcesoria|0||||||
119562|1|Środki do pielęgnacji płyt|Akcesoria|0||||||
119547|1|Efekty|Dee Jay|0||||||
119548|1|Gramofony|Dee Jay|0||||||
119551|1|Kontrolery DJ|Dee Jay|0||||||
119549|1|Kontrolery, pady, samplery|Sprzęt studyjny, Homerecording|0||||||
119552|1|Miksery DJ|Dee Jay|0||||||
119553|1|Odtwarzacze DJ (CD, MP3, DVD etc.)|Dee Jay|0||||||
119554|1|Pokrowce, torby, futerały DJ|Dee Jay|0||||||
127066|1|Case'y, futerały, skrzynie transportowe|Pokrowce, torby, futerały DJ|0||||||
127065|1|Torby, pokrowce, softcase'y|Pokrowce, torby, futerały DJ|0||||||
119555|1|Programy DJ, interfejsy|Dee Jay|0||||||
119557|1|Sprzęt wizualny DJ|Dee Jay|0||||||
120897|1|Słuchawki dla DJ-a|Dee Jay|0||||||
119558|1|Wkładki, igły gramofonowe|Dee Jay|0||||||
120902|1|Headshelle, zawiesia, głowice|Wkładki, igły gramofonowe|0||||||
120900|1|Igły do wkładek|Wkładki, igły gramofonowe|0||||||
120901|1|Wkładki, systemy|Wkładki, igły gramofonowe|0||||||
120120|1|Gadżety||0||||||
16|1|Gitary||0||||||
119973|1|Akcesoria gitarowe|Gitary|0||||||
13|1|Efekty gitarowe|Gitary|0||||||
137151|1|Efekty do gitar akustycznych|Efekty gitarowe|0||||||
137152|1|Efekty do gitar basowych|Efekty gitarowe|0||||||
137150|1|Efekty do gitar elektrycznych|Efekty gitarowe|0||||||
120119|1|Footswitch, przełączniki nożne|Gitary|0||||||
132552|1|Futerały|Gitary|0||||||
132553|1|Fuerały do gitar akustycznych|Futerały|0||||||
132556|1|Futerały do gitar basowych|Futerały|0||||||
132554|1|Futerały do gitar elektrycznych|Futerały|0||||||
132555|1|Futerały do gitar klasycznych|Futerały|0||||||
132557|1|Futerały do gitar, pozostałe|Futerały|0||||||
119974|1|Gitary - części|Gitary|0||||||
118906|1|Gitary akustyczne|Gitary|0||||||
118904|1|Gitary basowe|Gitary|0||||||
151720|1|Gitary basowe akustyczne|Gitary|0||||||
118907|1|Gitary elektroakustyczne|Gitary|0||||||
118903|1|Gitary elektryczne|Gitary|0||||||
118905|1|Gitary klasyczne|Gitary|0||||||
118908|1|Gitary klasyczne 1/2|Gitary klasyczne|0||||||
129032|1|Gitary klasyczne 1/4|Gitary klasyczne|0||||||
127498|1|Gitary klasyczne 3/4|Gitary klasyczne|0||||||
132430|1|Gitary klasyczne 4/4|Gitary klasyczne|0||||||
127499|1|Gitary klasyczne 7/8|Gitary klasyczne|0||||||
128719|1|Gitary klasyczne z elektroniką|Gitary klasyczne|0||||||
120077|1|Grip Mastery|Gitary|0||||||
120076|1|Kapodastry|Gitary|0||||||
120078|1|Kostki, piórka, pazurki|Gitary|0||||||
127822|1|Mandoliny i ukulele|Gitary|0||||||
120079|1|Paski gitarowe|Gitary|0||||||
120080|1|Podnóżki, podgitarniki|Gitary|0||||||
132551|1|Pokrowce|Pokrowce, skrzynie transportowe|0||||||
132558|1|Pokrowce do gitar akustycznych|Pokrowce|0||||||
132561|1|Pokrowce do gitar basowych|Pokrowce|0||||||
132559|1|Pokrowce do gitar elektrycznych|Pokrowce|0||||||
132560|1|Pokrowce do gitar klasycznych|Pokrowce|0||||||
132562|1|Pokrowce do gitar, pozostałe|Pokrowce|0||||||
120081|1|Przetworniki gitarowe|Gitary|0||||||
120082|1|Slide tuleje|Gitary|0||||||
120083|1|Statywy gitarowe|Gitary|0||||||
120084|1|Straploki i zaczepy do pasków|Gitary|0||||||
41|1|Struny gitarowe|Gitary|0||||||
128943|1|Struny do banjo|Struny gitarowe|0||||||
119975|1|Struny do gitar akustycznych|Struny gitarowe|0||||||
119976|1|Struny do gitar basowych|Struny gitarowe|0||||||
119977|1|Struny do gitar elektrycznych|Struny gitarowe|0||||||
119978|1|Struny do gitar klasycznych|Struny gitarowe|0||||||
120206|1|Struny do mandoliny|Struny gitarowe|0||||||
135896|1|Struny do ukulele|Struny gitarowe|0||||||
119980|1|Struny gitarowe pojedyncze|Struny gitarowe|0||||||
120121|1|Wzmacniacze i kolumny basowe|Gitary|0||||||
120122|1|Wzmacniacze i kolumny gitarowe|Gitary|0||||||
129632|1|Zestawy gitarowe|Gitary|0||||||
129636|1|Akustyczne|Zestawy gitarowe|0||||||
129635|1|Basowe|Zestawy gitarowe|0||||||
129634|1|Elektryczne|Zestawy gitarowe|0||||||
129633|1|Klasyczne|Zestawy gitarowe|0||||||
120085|1|Środki do konserwacji|Gitary|0||||||
20|1|Instrumenty dęte|Nuty, książki, zeszyty nutowe|0||||||
119534|1|Akcesoria dęte|Instrumenty dęte|0||||||
119539|1|Flety poprzeczne|Instrumenty dęte|0||||||
119540|1|Flety proste|Instrumenty dęte|0||||||
119535|1|Futerały i pokrowce|Instrumenty smyczkowe|0||||||
119541|1|Harmonijki ustne|Instrumenty dęte|0||||||
119542|1|Klarnety|Instrumenty dęte|0||||||
143264|1|Kornety|Instrumenty dęte|0||||||
119570|1|Pozostałe instrumenty dęte|Instrumenty dęte|0||||||
119568|1|Puzony|Instrumenty dęte|0||||||
119543|1|Saksofony|Instrumenty dęte|0||||||
122557|1|Statywy|Sprzęt nagłośnieniowy|0||||||
119536|1|Stroiki|Instrumenty dęte|0||||||
119544|1|Trąbki|Instrumenty dęte|0||||||
119537|1|Ustniki|Instrumenty dęte|0||||||
119569|1|Waltornie|Instrumenty dęte|0||||||
119538|1|Środki czyszczące i pielęgnacyjne|Instrumenty dęte|0||||||
119518|1|Instrumenty klawiszowe|Nuty, książki, zeszyty nutowe|0||||||
119523|1|Akcesoria dla instrumentów klawiszowych|Instrumenty klawiszowe|0||||||
119522|1|Akordeony|Instrumenty klawiszowe|0||||||
151249|1|Akordeony cyfrowe|Akordeony|0||||||
151250|1|Akordeony diatoniczne, heligonki|Akordeony|0||||||
151247|1|Akordeony guzikowe|Akordeony|0||||||
151248|1|Akordeony klawiszowe|Akordeony|0||||||
162040|1|Akordeony z konwertorem (barytonami)|Akordeony|0||||||
151251|1|Części i akcesoria|Akordeony|0||||||
151253|1|Futerały i pokrowce||0||||||
151252|1|Pasy do akordeonów|Akordeony|0||||||
119521|1|Fortepiany|Instrumenty klawiszowe|0||||||
119524|1|Futerały i pokrowce||0||||||
119525|1|Keyboardy|Instrumenty klawiszowe|0||||||
119526|1|Klawiatury sterujące, MIDI|Sprzęt studyjny, Homerecording|0||||||
119528|1|Kontrolery nożne, pedały|Instrumenty klawiszowe|0||||||
119529|1|Moduły brzmieniowe i sekwencery|Instrumenty klawiszowe|0||||||
119530|1|Organy|Instrumenty klawiszowe|0||||||
119519|1|Pianina akustyczne|Instrumenty klawiszowe|0||||||
119520|1|Pianina elektroniczne, stage piana|Instrumenty klawiszowe|0||||||
119531|1|Statywy klawiszowe|Instrumenty klawiszowe|0||||||
119532|1|Syntezatory|Instrumenty klawiszowe|0||||||
119533|1|Taborety, ławy, siedziska|Instrumenty klawiszowe|0||||||
119527|1|Wzmacniacze do klawiszy|Instrumenty klawiszowe|0||||||
50|1|Instrumenty perkusyjne|Nuty, książki, zeszyty nutowe|0||||||
119571|1|Akcesoria perkusyjne|Instrumenty perkusyjne|0||||||
132749|1|Bijaki|Akcesoria perkusyjne|0||||||
132750|1|Filce|Akcesoria perkusyjne|0||||||
132742|1|Kluczyki perkusyjne|Akcesoria perkusyjne|0||||||
132760|1|Maszynki do hi-hatu|Akcesoria perkusyjne|0||||||
132753|1|Multiclampy|Akcesoria perkusyjne|0||||||
122834|1|Pady treningowe|Akcesoria perkusyjne|0||||||
132747|1|Podkładki pod śruby|Akcesoria perkusyjne|0||||||
122912|1|Pozostałe|Złącza|0||||||
132751|1|Ramiona perkusyjne|Akcesoria perkusyjne|0||||||
132745|1|Rękawiczki|Akcesoria perkusyjne|0||||||
132744|1|Sprężyny do stopy|Akcesoria perkusyjne|0||||||
122913|1|Sprężyny do werbla|Akcesoria perkusyjne|0||||||
132743|1|Stroiki do perkusji|Akcesoria perkusyjne|0||||||
122911|1|Tłumiki do perkusji|Akcesoria perkusyjne|0||||||
132746|1|Łatki pod bijak|Akcesoria perkusyjne|0||||||
122836|1|Środki czyszczące, polerujące|Akcesoria perkusyjne|0||||||
132748|1|Śrubki, nakrętki, motylki|Akcesoria perkusyjne|0||||||
119574|1|Hardware|Instrumenty perkusyjne|0||||||
119582|1|Ramy, łączniki, klamry|Hardware|0||||||
119584|1|Statywy perkusyjne|Hardware|0||||||
161705|1|Proste statywy pod talerze|Statywy perkusyjne|0||||||
161708|1|Statywy pod hi-hat|Statywy perkusyjne|0||||||
161707|1|Statywy pod werbel|Statywy perkusyjne|0||||||
161706|1|Łamane statywy pod talerze|Statywy perkusyjne|0||||||
119583|1|Stopy perkusyjne|Hardware|0||||||
161704|1|Podwójne stopy perkusyjne|Stopy perkusyjne|0||||||
161703|1|Pojedyncze stopy perkusyjne|Stopy perkusyjne|0||||||
119585|1|Stołki perkusyjne|Hardware|0||||||
119576|1|Naciągi perkusyjne|Instrumenty perkusyjne|0||||||
161702|1|Naciągi do bongosów, djembe, darbuki|Naciągi perkusyjne|0||||||
161701|1|Naciągi do bębna centralnego|Naciągi perkusyjne|0||||||
161700|1|Naciągi do tomów|Naciągi perkusyjne|0||||||
161699|1|Naciągi werblowe|Naciągi perkusyjne|0||||||
132757|1|Orkiestrowe instrumenty perkusyjne|Instrumenty perkusyjne|0||||||
119577|1|Pałki perkusyjne|Pałki perkusyjne|0||||||
132739|1|Miotełki perkusyje|Pałki perkusyjne|0||||||
132741|1|Pałki do instr. orkiestrowych|Pałki perkusyjne|0||||||
132738|1|Pałki perkusyjne||0||||||
132740|1|Rózgi perkusyjne|Pałki perkusyjne|0||||||
119579|1|Perkusje akustyczne|Instrumenty perkusyjne|0||||||
119578|1|Perkusje elektroniczne|Instrumenty perkusyjne|0||||||
132725|1|Perkusjonalia|Instrumenty perkusyjne|0||||||
132730|1|Blocki|Perkusjonalia|0||||||
132727|1|Bongosy|Perkusjonalia|0||||||
132734|1|Cajony|Perkusjonalia|0||||||
132736|1|Chimesy|Perkusjonalia|0||||||
132728|1|Conga|Perkusjonalia|0||||||
132729|1|Cowbelle|Perkusjonalia|0||||||
132735|1|Darbuki|Perkusjonalia|0||||||
132726|1|Djembe|Perkusjonalia|0||||||
132755|1|Drumle|Perkusjonalia|0||||||
132737|1|Inne instrumenty perkusyjne|Perkusjonalia|0||||||
132731|1|Marakasy|Perkusjonalia|0||||||
132732|1|Shakery|Perkusjonalia|0||||||
132733|1|Tamburyny|Perkusjonalia|0||||||
132756|1|Trójkąty|Perkusjonalia|0||||||
119573|1|Pokrowce i futerały|Oświetlenie, efekty dyskotekowe|0||||||
119572|1|Talerze perkusyjne|Instrumenty perkusyjne|0||||||
122817|1|China|Talerze perkusyjne|0||||||
122813|1|Crash|Talerze perkusyjne|0||||||
122816|1|Hi-hat|Talerze perkusyjne|0||||||
122818|1|Komplety|Talerze perkusyjne|0||||||
122814|1|Ride|Talerze perkusyjne|0||||||
122815|1|Splash|Talerze perkusyjne|0||||||
119580|1|Werble|Instrumenty perkusyjne|0||||||
120126|1|Instrumenty smyczkowe|Nuty, książki, zeszyty nutowe|0||||||
120127|1|Akcesoria||0||||||
120128|1|Altówki|Instrumenty smyczkowe|0||||||
120129|1|Futerały i pokrowce||0||||||
151337|1|Futerały i pokrowce inne|Futerały i pokrowce|0||||||
151338|1|Futerały i pokrowce na altówkę|Futerały i pokrowce|0||||||
151336|1|Futerały i pokrowce wiolonczelowe|Futerały i pokrowce|0||||||
151335|1|Futerały skrzypcowe 3/4, 1/2 i mniejsze|Futerały i pokrowce|0||||||
151334|1|Futerały skrzypcowe 4/4 - pełny rozmiar|Futerały i pokrowce|0||||||
151333|1|Pokrowce na futerały|Futerały i pokrowce|0||||||
132132|1|Garnitury, kołki, strunniki|Instrumenty smyczkowe|0||||||
120130|1|Kalafonie|Instrumenty smyczkowe|0||||||
120131|1|Kontrabasy|Instrumenty smyczkowe|0||||||
120138|1|Oparcia (żeberka)|Instrumenty smyczkowe|0||||||
120132|1|Podbródki|Instrumenty smyczkowe|0||||||
122620|1|Przetworniki, mikrofony|Instrumenty smyczkowe|0||||||
120133|1|Skrzypce akustyczne|Instrumenty smyczkowe|0||||||
150863|1|Skrzypce akustyczne 1/10|Skrzypce akustyczne|0||||||
150862|1|Skrzypce akustyczne 1/16|Skrzypce akustyczne|0||||||
150858|1|Skrzypce akustyczne 1/2|Skrzypce akustyczne|0||||||
150860|1|Skrzypce akustyczne 1/4|Skrzypce akustyczne|0||||||
150861|1|Skrzypce akustyczne 1/8|Skrzypce akustyczne|0||||||
150859|1|Skrzypce akustyczne 3/4|Skrzypce akustyczne|0||||||
150857|1|Skrzypce akustyczne 4/4 - pełny rozmiar|Skrzypce akustyczne|0||||||
120134|1|Skrzypce elektryczne|Instrumenty smyczkowe|0||||||
120135|1|Smyczki|Instrumenty smyczkowe|0||||||
151355|1|Akcesoria, części do smyczków|Smyczki|0||||||
151352|1|Smyczki do altówki|Smyczki|0||||||
151354|1|Smyczki do kontrabasu|Smyczki|0||||||
151350|1|Smyczki do skrzypiec 4/4 (pełny rozmiar)|Smyczki|0||||||
151353|1|Smyczki do wiolonczeli|Smyczki|0||||||
151351|1|Smyczki skrzypcowe 3/4, 1/2 i mniejsze|Smyczki|0||||||
125652|1|Statywy, stojaki|Instrumenty smyczkowe|0||||||
120136|1|Struny|Instrumenty smyczkowe|0||||||
136763|1|Struny do altówki|Struny|0||||||
136591|1|Struny do kontrabasu|Struny|0||||||
136762|1|Struny do skrzypiec|Struny|0||||||
136764|1|Struny do wiolonczeli|Struny|0||||||
120137|1|Wiolonczele|Instrumenty smyczkowe|0||||||
21|1|Kable, przewody||0||||||
120147|1|Akcesoria||0||||||
145034|1|Audio|Kable, przewody|0||||||
131940|1|DMX, AES/EBU|Kable na metry|0||||||
120088|1|Gitarowe i instrumentalne|Kable na metry|0||||||
120089|1|Głośnikowe|Kable na metry|0||||||
145027|1|Kable na metry|Kable, przewody|0||||||
145033|1|DMX, AES/EBU||0||||||
145030|1|Gitarowe i instrumentalne||0||||||
145029|1|Głośnikowe||0||||||
145032|1|Koncentryczne|Kable na metry|0||||||
145028|1|Mikrofonowe, patch|Kable, przewody|0||||||
145031|1|Wieloparowe|Kable, przewody|0||||||
120092|1|MIDI|Kable, przewody|0||||||
120091|1|Mikrofonowe, patch||0||||||
120090|1|Optyczne, Toslink|Kable, przewody|0||||||
120094|1|Pozostałe, różne||0||||||
120093|1|Wieloparowe||0||||||
130500|1|Konstrukcje sceniczne||0||||||
152888|1|Akcesoria||0||||||
168742|1|Konstrukcja Alustage Duo|Konstrukcje sceniczne|0||||||
145426|1|Konstrukcja Alustage Quadro|Konstrukcje sceniczne|0||||||
133819|1|Konstrukcje Alustage Trisystem|Konstrukcje sceniczne|0||||||
137103|1|Konstrukcje Dura Truss 14|Konstrukcje sceniczne|0||||||
131625|1|Konstrukcje Dura Truss 22|Konstrukcje sceniczne|0||||||
131678|1|Konstrukcje Dura Truss 23|Konstrukcje sceniczne|0||||||
137100|1|Konstrukcje Dura Truss 24|Konstrukcje sceniczne|0||||||
155102|1|Konstrukcje Dura Truss 31|Konstrukcje sceniczne|0||||||
153928|1|Konstrukcje Dura Truss 32|Konstrukcje sceniczne|0||||||
131626|1|Konstrukcje Dura Truss 33|Konstrukcje sceniczne|0||||||
132317|1|Konstrukcje Dura Truss 34|Konstrukcje sceniczne|0||||||
163571|1|Molton, siatki, horyzonty|Konstrukcje sceniczne|0||||||
132006|1|Podesty i ich akcesoria|Konstrukcje sceniczne|0||||||
134445|1|Statywy wysokie, windy|Konstrukcje sceniczne|0||||||
119567|1|Metronomy i tunery||0||||||
44|1|Nuty, książki, zeszyty nutowe||0||||||
136124|1|Fortepian|Nuty, książki, zeszyty nutowe|0||||||
136139|1|Gitara i bas|Nuty, książki, zeszyty nutowe|0||||||
136141|1|Gitara basowa|Gitara i bas|0||||||
136433|1|Gitara elektryczna|Gitara i bas|0||||||
136140|1|Gitara klasyczna, akustyczna, flamenco|Gitara i bas|0||||||
136143|1|Inne instrumenty strunowe|Gitara i bas|0||||||
136142|1|Śpiewniki, chwyty|Gitara i bas|0||||||
136132|1|Instrumenty dęte||0||||||
136133|1|Dęte blaszane|Instrumenty dęte|0||||||
136134|1|Dęte drewniane, saksofon, flet|Instrumenty dęte|0||||||
136135|1|Harmonijka ustna|Instrumenty dęte|0||||||
136127|1|Instrumenty klawiszowe||0||||||
136129|1|Akordeon|Instrumenty klawiszowe|0||||||
136130|1|Keyboard|Instrumenty klawiszowe|0||||||
136128|1|Organy||0||||||
136136|1|Instrumenty perkusyjne||0||||||
136138|1|Instrumenty orkiestrowe|Instrumenty perkusyjne|0||||||
136436|1|Perkusjonalia||0||||||
136137|1|Zestaw perkusyjny|Instrumenty perkusyjne|0||||||
136131|1|Instrumenty smyczkowe||0||||||
140791|1|Orkiestra|Nuty, książki, zeszyty nutowe|0||||||
136147|1|Wydawnictwa muzyczne|Nuty, książki, zeszyty nutowe|0||||||
136148|1|Encyklopedie, leksykony, słowniki|Wydawnictwa muzyczne|0||||||
136150|1|Nauka o muzyce, podręczniki, tablice|Wydawnictwa muzyczne|0||||||
140820|1|Partytury|Wydawnictwa muzyczne|0||||||
136151|1|Tabele akordów|Wydawnictwa muzyczne|0||||||
136152|1|Zeszyty nutowe|Nuty, książki, zeszyty nutowe|0||||||
136144|1|Śpiew, solfeż, chór|Nuty, książki, zeszyty nutowe|0||||||
136145|1|Chór, głosy solo|Śpiew, solfeż, chór|0||||||
136186|1|Muzyka popularna|Śpiew, solfeż, chór|0||||||
136146|1|Nauka śpiewu, solfeż, kształcenie słuchu|Śpiew, solfeż, chór|0||||||
39|1|Oprogramowanie|Sprzęt studyjny, Homerecording|0||||||
23|1|Oświetlenie, efekty dyskotekowe||0||||||
119596|1|Akcesoria oświetleniowe|Oświetlenie, efekty dyskotekowe|0||||||
140917|1|Dystrybutory mocy, zasilanie|Sprzęt nagłośnieniowy|0||||||
121266|1|Efekty WASH LED, LEDBAR|Oświetlenie, efekty dyskotekowe|0||||||
131938|1|Efekty ruchome i głowice|Oświetlenie, efekty dyskotekowe|0||||||
119597|1|Efekty świetlne|Oświetlenie, efekty dyskotekowe|0||||||
131937|1|Efekty świetlne - skanery|Oświetlenie, efekty dyskotekowe|0||||||
119594|1|Filtry|Oświetlenie, efekty dyskotekowe|0||||||
131999|1|Kable DMX, przejściówki|Oświetlenie, efekty dyskotekowe|0||||||
119592|1|Kule lustrzane i silniki|Oświetlenie, efekty dyskotekowe|0||||||
139825|1|Kule lustrzane|Kule lustrzane i silniki|0||||||
139828|1|Reflektory - oświetlacze kul|Kule lustrzane i silniki|0||||||
139826|1|Silniki do kul|Kule lustrzane i silniki|0||||||
144521|1|LED - Architektura - IP65|Oświetlenie, efekty dyskotekowe|0||||||
119775|1|Lasery|Oświetlenie, efekty dyskotekowe|0||||||
147035|1|Matryce LED, ściany LED|Oświetlenie, efekty dyskotekowe|0||||||
119593|1|Pokrowce i futerały||0||||||
128410|1|Projektory Logo, Gobo|Oświetlenie, efekty dyskotekowe|0||||||
119590|1|Reflektory|Oświetlenie, efekty dyskotekowe|0||||||
127352|1|Blindery, doświetlacze|Reflektory|0||||||
127347|1|Ramki, kratki, akcesoria|Reflektory|0||||||
139824|1|Reflektory LED i PARLED|Reflektory|0||||||
164335|1|Reflektory LED płaskie, FlatPAR, UpLight|Reflektory|0||||||
127350|1|Reflektory prowadzące, profilowe, spoty|Reflektory|0||||||
127349|1|Reflektory teatralne PC, Fresnel|Reflektory|0||||||
127348|1|Reflektory typu PAR|Reflektory|0||||||
127351|1|Skrzydełka - barndoor|Reflektory|0||||||
126505|1|Rzutniki w niebo|Oświetlenie, efekty dyskotekowe|0||||||
119595|1|Statywy, mocowania, haki|Oświetlenie, efekty dyskotekowe|0||||||
147300|1|Akcesoria, pokrowce|Statywy, mocowania, haki|0||||||
147296|1|Linki zabezpieczające|Statywy, mocowania, haki|0||||||
147299|1|Rampy, T-bary, belki|Statywy, mocowania, haki|0||||||
147295|1|Statywy, windy oświetleniowe|Statywy, mocowania, haki|0||||||
152955|1|Totemy, podstawy pod głowy|Statywy, mocowania, haki|0||||||
147297|1|Uchwyty, zawiesia, haki|Statywy, mocowania, haki|0||||||
147298|1|Zestawy 2 statywów z rampą|Statywy, mocowania, haki|0||||||
119591|1|Sterowniki|Oświetlenie, efekty dyskotekowe|0||||||
140280|1|Bezprzewodowy DMX|Sterowniki|0||||||
127069|1|Dimmery|Sterowniki|0||||||
127070|1|Sterowniki DMX|Sterowniki|0||||||
127071|1|Sterowniki pozostałe|Sterowniki|0||||||
119587|1|Stroboskopy|Oświetlenie, efekty dyskotekowe|0||||||
120838|1|Ultrafiolet|Oświetlenie, efekty dyskotekowe|0||||||
119588|1|Wytwornice, płyny|Oświetlenie, efekty dyskotekowe|0||||||
137851|1|Płyny|Wytwornice, płyny|0||||||
137850|1|Wytwornice dymu|Wytwornice, płyny|0||||||
135503|1|Zestawy oświetleniowe|Oświetlenie, efekty dyskotekowe|0||||||
119589|1|Żarówki, lampy|Oświetlenie, efekty dyskotekowe|0||||||
141197|1|Do aparatów teatralnych|Żarówki, lampy|0||||||
141029|1|Lampy wyładowcze|Żarówki, lampy|0||||||
141201|1|Oprawki, gniazda żarówek|Żarówki, lampy|0||||||
141031|1|Palniki do strobo|Żarówki, lampy|0||||||
141032|1|Ultraviolet - źródła światła|Żarówki, lampy|0||||||
141028|1|Źródła światła LED|Żarówki, lampy|0||||||
141027|1|Żarówki do reflektorów PAR|Żarówki, lampy|0||||||
141030|1|Żarówki, halogeny|Żarówki, lampy|0||||||
119564|1|Pulpity, batuty, lampki||0||||||
119565|1|Batuty, buławy|Pulpity, batuty, lampki|0||||||
119566|1|Lampki do pulpitów|Pulpity, batuty, lampki|0||||||
120181|1|Pulpity do nut|Pulpity, batuty, lampki|0||||||
9|1|Serwis (części serwisowe)||0||||||
131884|1|Akcesoria (różne)|Serwis (części serwisowe)|0||||||
131880|1|Elementy do instr. dętych|Serwis (części serwisowe)|0||||||
131901|1|Elementy do mikrofonów|Serwis (części serwisowe)|0||||||
131621|1|Elementy elektroniczne|Serwis (części serwisowe)|0||||||
131882|1|Elementy gitarowe|Serwis (części serwisowe)|0||||||
131902|1|Elementy mechaniczne|Serwis (części serwisowe)|0||||||
131624|1|Elementy perkusyjne|Serwis (części serwisowe)|0||||||
131615|1|Gałki i przyciski|Serwis (części serwisowe)|0||||||
131616|1|Gumki|Serwis (części serwisowe)|0||||||
131618|1|Głośniki i elementy głośnikowe|Serwis (części serwisowe)|0||||||
131617|1|Klawisze i elementy do klawiatury|Serwis (części serwisowe)|0||||||
131619|1|Moduły elektroniczne|Serwis (części serwisowe)|0||||||
131622|1|Obudowy i elementy obudów|Serwis (części serwisowe)|0||||||
131881|1|Piloty|Serwis (części serwisowe)|0||||||
131614|1|Potencjometry suwakowe, obrotowe|Serwis (części serwisowe)|0||||||
131883|1|Wentylatory|Serwis (części serwisowe)|0||||||
131620|1|Wyświetlacze|Serwis (części serwisowe)|0||||||
131623|1|Złącza, gniazda, śruby|Serwis (części serwisowe)|0||||||
31|1|Sprzęt nagłośnieniowy||0||||||
134447|1|Cyfrowe systemy transmisji dźwięku|Sprzęt nagłośnieniowy|0||||||
119740|1|Di-boxy, splittery, krosownice|Sprzęt nagłośnieniowy|0||||||
134448|1|Di-boxy, separatory|Di-boxy, splittery, krosownice|0||||||
134449|1|Splittery, krosownice, sumatory|Di-boxy, splittery, krosownice|0||||||
140918|1|Dystrybutory mocy, zasilanie||0||||||
134456|1|Konwertery cyfrowe|Sprzęt nagłośnieniowy|0||||||
119605|1|Mikrofony i akcesoria|Sprzęt nagłośnieniowy|0||||||
139835|1|Do kamery, Shotgun|Mikrofony i akcesoria|0||||||
139837|1|Inne|Mikrofony i akcesoria|0||||||
119607|1|Instrumentalne|Mikrofony|0||||||
139836|1|Do perkusji|Instrumentalne|0||||||
139827|1|Dynamiczne|Instrumentalne|0||||||
139829|1|Pojemnościowe małomembranowe|Instrumentalne|0||||||
139832|1|Nagłowne, Lavalier|Mikrofony i akcesoria|0||||||
119608|1|Uchwyty mikrofonowe, akcesoria|Mikrofony i akcesoria|0||||||
139819|1|Wokalne|Mikrofony i akcesoria|0||||||
139820|1|Dynamiczne||0||||||
139821|1|Pojemnościowe|Wokalne|0||||||
119609|1|Miksery i powermiksery|Sprzęt nagłośnieniowy|0||||||
119610|1|Miksery analogowe|Miksery i powermiksery|0||||||
119611|1|Miksery cyfrowe, karty rozszerzeń|Miksery i powermiksery|0||||||
119612|1|Powermiksery|Miksery i powermiksery|0||||||
119915|1|Narzędzia i materiały|Sprzęt nagłośnieniowy|0||||||
169973|1|Ochrona słuchu, zatyczki|Sprzęt nagłośnieniowy|0||||||
119603|1|Pokrowce, skrzynie transportowe|Sprzęt nagłośnieniowy|0||||||
135276|1|Pokrowce||0||||||
135280|1|Skrzynie na konsolety mikserskie|Pokrowce, skrzynie transportowe|0||||||
135277|1|Skrzynie transportowe|Pokrowce, skrzynie transportowe|0||||||
135278|1|Skrzynie typu rack|Pokrowce, skrzynie transportowe|0||||||
119604|1|Pozostałe PA|Sprzęt nagłośnieniowy|0||||||
119614|1|Procesory, efekty|Sprzęt nagłośnieniowy|0||||||
134454|1|Korektory, eliminatory sprzężeń|Procesory, efekty|0||||||
134452|1|Procesory dynamiki|Procesory, efekty|0||||||
134451|1|Procesory efektowe|Procesory, efekty|0||||||
134450|1|Procesory głośnikowe, zwrotnice|Procesory, efekty|0||||||
134455|1|Procesory wielozadaniowe|Procesory, efekty|0||||||
134453|1|Procesory wokalowe, harmonizery|Procesory, efekty|0||||||
119615|1|Przedwzmacniacze|Sprzęt studyjny, Homerecording|0||||||
119616|1|Rejestratory i odtwarzacze audio, video|Sprzęt nagłośnieniowy|0||||||
119617|1|Statywy||0||||||
119790|1|Pozostałe statywy|Statywy|0||||||
119619|1|Statywy kolumnowe|Statywy|0||||||
119618|1|Statywy mikrofonowe|Statywy|0||||||
144480|1|Systemy bezprzewodowe|Sprzęt nagłośnieniowy|0||||||
144557|1|Komponenty systemów bezprzewodowych|Systemy bezprzewodowe|0||||||
144485|1|Odsłuchy bezprzewodowe|Systemy bezprzewodowe|0||||||
144482|1|Zest. z mikrofonem nagłownym i lavalier|Systemy bezprzewodowe|0||||||
144484|1|Zestawy do kamery|Systemy bezprzewodowe|0||||||
144483|1|Zestawy instrumentalne|Systemy bezprzewodowe|0||||||
144481|1|Zestawy z mikrofonem doręcznym|Systemy bezprzewodowe|0||||||
127521|1|Systemy interkomowe|Sprzęt nagłośnieniowy|0||||||
119620|1|Systemy konferencyjne|Sprzęt nagłośnieniowy|0||||||
119627|1|Szafy sprzętowe, panele rack|Sprzęt nagłośnieniowy|0||||||
120182|1|Ustroje akustyczne|Sprzęt nagłośnieniowy|0||||||
119622|1|Wzmacniacze mocy|Sprzęt nagłośnieniowy|0||||||
123071|1|Wzmacniacze słuchawkowe|Sprzęt nagłośnieniowy|0||||||
119623|1|Zestawy głośnikowe|Sprzęt nagłośnieniowy|0||||||
119624|1|Aktywne|Zestawy głośnikowe|0||||||
132758|1|Instalacyjne, 100V|Zestawy głośnikowe|0||||||
147100|1|Niskotonowe aktywne|Zestawy głośnikowe|0||||||
147101|1|Niskotonowe pasywne|Zestawy głośnikowe|0||||||
119625|1|Pasywne|Zestawy głośnikowe|0||||||
132759|1|Samochodowe|Zestawy głośnikowe|0||||||
119626|1|Zestawy nagłośnieniowe|Sprzęt nagłośnieniowy|0||||||
135509|1|Sprzęt studyjny, Homerecording||0||||||
135511|1|Karty dźwiękowe, interfejsy|Sprzęt studyjny, Homerecording|0||||||
139909|1|PCI Express|Karty dźwiękowe, interfejsy|0||||||
139907|1|Thunderbolt, FireWire|Karty dźwiękowe, interfejsy|0||||||
139906|1|USB|Mikrofony|0||||||
139796|1|Klawiatury sterujące, MIDI||0||||||
154525|1|Kontrolery, pady, samplery||0||||||
135513|1|Mikrofony|Sprzęt studyjny, Homerecording|0||||||
139807|1|Instrumentalne||0||||||
139904|1|Dynamiczne||0||||||
139805|1|Pojemnościowe małomebranowe|Mikrofony|0||||||
139804|1|Pojemnościowe wielkomembranowe|Mikrofony|0||||||
139810|1|USB||0||||||
139808|1|Wstęgowe|Mikrofony|0||||||
135510|1|Monitory studyjne|Sprzęt studyjny, Homerecording|0||||||
139799|1|Oprogramowanie||0||||||
139786|1|Przedwzmacniacze||0||||||
38|1|Słuchawki i akcesoria||0||||||
138270|1|Akcesoria||0||||||
144220|1|Słuchawki DJ|Słuchawki i akcesoria|0||||||
143532|1|Słuchawki Hi-Fi|Słuchawki i akcesoria|0||||||
144372|1|Słuchawki do zestawów bezprzewodowych|Słuchawki i akcesoria|0||||||
138271|1|Słuchawki studyjne|Słuchawki i akcesoria|0||||||
144423|1|Słuchawki otwarte|Słuchawki studyjne|0||||||
144424|1|Słuchawki zamknięte|Słuchawki studyjne|0||||||
119545|1|Zasilacze||0||||||
48|1|Złącza||0||||||
121226|1|BNC|Złącza|0||||||
121227|1|RCA|Cinch|0||||||
121229|1|Jacki|Złącza|0||||||
134440|1|Jacki TRS (stereo)|Jacki|0||||||
134439|1|Jacki TS (mono)|Jacki|0||||||
134441|1|Jacki mini TRS (3,5 mm)|Jacki|0||||||
134442|1|Jacki tablicowe, do PCB, gniazda|Jacki|0||||||
121231|1|Powercon|Złącza|0||||||
121228|1|Pozostałe||0||||||
121232|1|Przejściówki|Złącza|0||||||
121233|1|RJ|Złącza|0||||||
121234|1|Speakon|Złącza|0||||||
121236|1|XLR męskie|Złącza|0||||||
134437|1|XLR męskie do PCB|XLR męskie|0||||||
134436|1|XLR męskie nakablowe|XLR męskie|0||||||
134438|1|XLR męskie tablicowe|XLR męskie|0||||||
121235|1|XLR żeńskie|Złącza|0||||||
134435|1|XLR żeńskie do PCB|XLR żeńskie|0||||||
134433|1|XLR żeńskie nakablowe|XLR żeńskie|0||||||
134434|1|XLR żeńskie tablicowe|XLR żeńskie|0||||||
121230|1|Złącza multicore|Złącza|0||||||
121237|1|Złącza sieciowe 230V|Złącza|0||||||
